"spam","to_multiple","from","cc","sent_email","time","image","attach","dollar","winner","inherit","viagra","password","num_char","line_breaks","format","re_subj","exclaim_subj","urgent_subj","exclaim_mess","number","ID"
"spam",1,1,1,1,"2012-01-01 10:45:21",1,1,0,"no",0,0,0,7.421,237,1,0,0,0,18,"small","nMQRoyqYqf"
"spam",0,1,1,0,"2012-01-01 13:40:51",0,0,0,"no",0,0,0,4.02,79,0,1,0,0,1,"small","Ao4Cd7uZC5"
"spam",0,1,0,0,"2012-01-01 18:05:45",0,0,0,"no",0,0,0,2.192,85,1,0,0,0,3,"big","QgiBf1SHga"
"spam",0,1,0,0,"2012-01-01 18:51:24",0,0,0,"no",0,0,0,2.228,45,0,1,0,0,1,"small","tKnyroRvfe"
"spam",0,1,1,0,"2012-01-01 19:16:39",0,0,0,"no",0,0,0,3.959,81,0,1,0,0,1,"small","ZcNN3E3fSi"
"spam",0,1,0,0,"2012-01-01 20:43:43",0,0,0,"no",0,0,0,2.207,57,1,0,0,0,5,"small","LwGWA1m6Gh"
"spam",0,1,1,0,"2012-01-02 07:12:51",0,0,0,"no",0,0,0,45.842,881,1,1,0,0,5,"big","HAfiGBF602"
"spam",0,1,0,0,"2012-01-02 07:12:51",0,0,0,"no",0,0,0,2.317,30,0,0,0,0,0,"big","rWrarPrWmS"
"spam",1,1,1,0,"2012-01-02 12:50:47",0,0,0,"no",0,0,0,13.788,169,0,1,0,0,3,"small","PsAplYsttp"
"spam",0,1,7,0,"2012-01-02 16:07:51",0,0,0,"no",0,0,0,0.334,9,0,1,0,0,0,"small","Z1iebn7FNz"
"spam",0,1,0,0,"2012-01-02 13:55:03",0,0,0,"no",0,0,0,1.482,24,1,0,0,0,0,"none","tjWTr92Yzk"
"spam",0,1,0,0,"2012-01-02 17:07:17",0,0,0,"no",0,0,0,14.431,296,1,0,0,0,0,"small","ku6NAVtlHb"
"spam",0,1,0,1,"2012-01-02 21:31:45",0,0,6,"no",0,0,0,14.241,308,1,1,0,0,6,"small","C1eqhFwZOD"
"spam",0,1,0,0,"2012-01-02 21:41:35",0,0,5,"no",0,0,0,0.978,13,0,0,0,0,0,"small","5PY2QGSFmL"
"spam",0,1,0,1,"2012-01-03 01:29:15",0,0,0,"no",0,0,0,1.398,41,0,0,0,0,1,"none","gdGGLM3KTX"
"spam",0,1,0,0,"2012-01-03 03:14:51",0,0,0,"no",0,0,1,0.978,14,0,0,0,0,0,"small","AQPOaNuUv2"
"spam",0,1,0,1,"2012-01-03 12:59:23",0,0,0,"no",0,0,0,1.732,54,1,1,0,0,0,"small","wahGGuOrtp"
"spam",0,1,0,0,"2012-01-03 13:48:40",0,0,0,"no",0,0,0,2.938,81,1,1,0,0,4,"small","hl1VqSclL4"
"spam",0,1,0,1,"2012-01-03 11:19:04",0,0,0,"no",0,0,0,0.599,16,1,0,0,0,0,"none","p23N2iwDQS"
"spam",0,1,3,0,"2012-01-03 14:19:37",0,1,0,"no",0,0,0,3.485,108,0,1,0,0,0,"small","HP5xMVmXos"
"spam",1,1,0,1,"2012-01-03 12:57:27",0,0,0,"no",0,0,0,0.64,19,1,0,0,0,0,"none","TtPibBcIZA"
"spam",0,1,1,1,"2012-01-03 19:45:00",0,0,0,"no",0,0,0,1.132,33,1,1,0,0,4,"small","ydYoBFAnxM"
"spam",0,1,0,0,"2012-01-04 09:49:52",0,0,0,"no",0,0,0,2.454,61,0,0,0,0,1,"small","iWbHnez8AQ"
"spam",0,1,0,1,"2012-01-04 05:03:37",0,1,0,"no",0,0,0,0.347,18,0,0,0,0,0,"small","FwVPi1dIwy"
"spam",0,1,0,0,"2012-01-04 05:21:20",0,0,0,"no",0,0,0,10.952,309,1,0,0,0,3,"big","xUu7zHxhvS"
"spam",1,1,1,0,"2012-01-04 06:09:29",0,0,0,"no",0,0,0,15.038,297,1,1,0,0,4,"big","Jsr6609kIF"
"spam",0,1,0,1,"2012-01-04 13:03:40",0,0,0,"no",0,0,0,4.995,130,1,1,0,0,8,"small","Y9LvQLVvvW"
"spam",0,1,0,1,"2012-01-04 05:03:05",0,0,0,"no",0,0,0,16.51,394,1,1,0,0,8,"small","H6d22e8p1V"
"spam",0,1,0,0,"2012-01-04 05:15:49",0,0,0,"no",0,0,0,6.717,114,1,0,0,0,1,"small","pwk4BTJkNQ"
"spam",0,1,1,0,"2012-01-04 08:58:32",0,0,0,"no",0,0,0,6.056,141,0,1,0,0,3,"small","n9BdVACMNl"
"spam",0,1,0,1,"2012-01-04 07:10:01",0,0,0,"no",0,0,0,31.112,875,1,1,0,0,16,"small","5srwSw2om9"
"spam",0,1,2,1,"2012-01-04 10:16:21",0,0,0,"no",0,0,0,6.264,135,1,1,0,0,4,"big","O5zvqKOraw"
"spam",0,1,0,1,"2012-01-04 10:49:54",0,0,0,"no",0,0,0,12.862,333,1,1,0,0,4,"small","YaecTgf4vG"
"spam",0,1,0,1,"2012-01-04 11:17:16",0,0,0,"no",0,0,0,17.06,426,1,1,0,0,8,"small","BWgnxtsiAm"
"spam",1,1,0,1,"2012-01-04 11:27:31",0,0,0,"no",0,0,0,5.887,89,0,0,0,0,0,"small","i6tfJSqpW0"
"spam",0,1,0,0,"2012-01-04 12:19:00",0,0,0,"no",0,0,0,23.172,456,1,0,0,0,57,"small","rH97m0fUV9"
"spam",0,1,0,0,"2012-01-04 18:20:13",0,0,0,"no",0,0,0,24.202,680,1,0,0,0,4,"small","mSQ82XzrDz"
"spam",1,1,0,0,"2012-01-04 13:49:46",0,0,0,"no",0,0,0,8.347,202,1,0,0,0,5,"big","LVr9Igs0Sg"
"spam",0,1,0,1,"2012-01-04 12:50:45",0,0,8,"no",0,0,0,11.615,210,1,1,0,0,4,"small","o6q7rkZIlG"
"spam",0,1,0,0,"2012-01-04 20:29:50",0,0,22,"no",0,0,0,20.191,266,1,0,1,0,30,"small","U3bUsBsGa7"
"spam",0,1,0,0,"2012-01-05 08:06:40",0,0,4,"no",1,0,0,7.764,192,1,0,0,0,6,"small","9V1YXyQa38"
"spam",0,1,0,1,"2012-01-05 05:38:26",0,0,0,"no",0,0,0,3.186,67,1,1,0,0,0,"small","Ohf7O4nq8A"
"spam",0,1,7,1,"2012-01-05 06:25:33",0,0,0,"no",0,0,0,9.871,340,1,0,0,0,11,"big","WHXM37Xz2v"
"spam",0,1,0,1,"2012-01-05 09:24:00",0,0,0,"no",0,0,0,0.342,11,0,1,0,0,0,"small","0yTTwuogWB"
"spam",0,1,0,1,"2012-01-05 10:12:10",0,0,0,"no",0,0,0,6.64,99,0,1,0,0,3,"small","1Y8p8tajSV"
"spam",0,1,0,1,"2012-01-05 07:21:00",0,0,0,"no",0,0,0,3.492,75,1,1,0,0,2,"small","e7bn0urCsX"
"spam",0,1,0,0,"2012-01-05 19:08:08",0,0,0,"no",0,0,0,10.004,197,1,0,0,0,0,"big","KLQCyj6y7D"
"spam",0,1,0,0,"2012-01-06 01:58:25",1,1,0,"no",0,0,0,7.974,104,0,0,0,0,0,"none","DDGq7flsty"
"spam",1,1,0,0,"2012-01-05 13:28:45",0,0,0,"no",0,0,0,2.881,50,0,0,0,0,0,"small","LOk83fs3hF"
"spam",1,1,0,0,"2012-01-06 06:45:02",0,0,0,"no",0,0,0,3.943,47,0,0,0,0,0,"small","OXlcGgI9vs"
"spam",0,1,0,0,"2012-01-06 08:28:38",0,0,2,"no",0,0,0,22.344,411,1,0,0,0,49,"small","qB9wUCSzAP"
"spam",0,1,0,0,"2012-01-06 07:57:55",0,0,0,"no",0,0,0,5.066,106,1,0,1,0,0,"small","Yh7VEmop2o"
"spam",0,1,0,1,"2012-01-06 13:09:22",0,0,0,"no",0,0,0,2.174,49,1,1,0,0,2,"small","8AVouAFusb"
"spam",0,1,0,1,"2012-01-06 13:10:25",0,0,0,"no",0,0,0,0.368,12,1,0,0,0,0,"small","baaSouJEPW"
"spam",0,1,0,1,"2012-01-06 13:36:01",0,0,0,"no",0,0,0,0.441,16,1,1,0,0,0,"small","WDSK1oNwDl"
"spam",0,1,0,0,"2012-01-07 08:00:09",0,0,8,"no",1,0,0,10.017,238,1,0,0,0,7,"small","goqwvnZBxc"
"spam",0,1,0,0,"2012-01-07 06:51:29",0,0,0,"no",0,0,0,6.832,116,1,0,0,0,1,"small","u9KQiwc90r"
"spam",0,1,0,0,"2012-01-07 08:34:55",0,0,0,"no",0,0,0,8.504,142,1,0,0,0,1,"small","BHXpOlbaAN"
"spam",1,1,0,0,"2012-01-07 09:56:20",0,0,0,"no",0,0,0,1.683,34,1,0,1,0,6,"small","AZXcPQsbt8"
"spam",0,1,0,0,"2012-01-07 12:28:02",0,0,0,"no",0,0,0,8.002,134,1,0,0,0,1,"small","qLMNlO9feb"
"spam",0,1,1,0,"2012-01-07 14:40:56",0,0,0,"no",0,0,0,4.465,102,1,1,1,0,10,"small","qGmPx2Es2P"
"spam",0,1,0,0,"2012-01-08 04:44:38",0,0,1,"no",0,0,0,26.404,405,1,0,0,0,13,"small","V3PKNgjgmg"
"spam",0,1,0,0,"2012-01-08 08:16:29",0,0,0,"no",0,0,0,13.116,211,1,0,0,0,1,"small","xjeOewiyN6"
"spam",0,1,0,0,"2012-01-08 18:02:43",0,0,0,"no",0,0,0,9.27,151,1,0,0,0,1,"small","XYv88FspTK"
"spam",0,1,1,1,"2012-01-08 14:30:07",0,0,0,"no",0,0,8,13.404,292,1,1,0,0,4,"small","141ENZcqyA"
"spam",0,1,1,1,"2012-01-08 14:34:30",0,0,2,"no",0,0,0,1.39,29,0,0,0,0,0,"small","CijBvxNrnh"
"spam",0,1,0,1,"2012-01-09 03:19:47",0,0,0,"no",0,0,0,2.705,46,0,1,0,0,1,"none","tkPqzcMI5c"
"spam",0,1,0,0,"2012-01-09 05:30:57",0,0,4,"no",0,0,0,4.56,98,1,0,0,0,2,"big","ziOIfB7Zfr"
"spam",0,1,0,0,"2012-01-09 11:11:15",0,0,0,"no",0,0,0,5.255,106,1,0,0,0,4,"small","N6dOsUvzue"
"spam",1,1,0,1,"2012-01-09 08:44:05",0,0,0,"no",0,0,0,0.406,13,1,0,0,0,0,"none","0WHL3uR7tN"
"spam",1,1,0,0,"2012-01-09 09:43:28",0,0,0,"no",0,0,0,3.991,47,0,0,0,0,0,"small","eKEunTBjPJ"
"spam",0,1,0,1,"2012-01-09 11:28:59",0,0,0,"no",0,0,0,10.41,225,1,1,0,0,4,"small","wudegI0PFm"
"spam",1,1,1,1,"2012-01-09 11:59:38",0,0,0,"no",0,0,0,23.237,527,1,1,0,0,0,"big","wA1gtwgwfc"
"spam",0,1,2,1,"2012-01-09 10:46:14",0,0,0,"no",0,0,0,2.467,59,1,1,0,0,4,"small","idAfqGOJ2e"
"spam",0,1,0,0,"2012-01-10 05:07:54",0,0,13,"no",0,0,0,16.103,363,1,0,1,0,2,"small","A3hPOg2uwz"
"spam",1,1,0,0,"2012-01-10 07:10:48",0,0,0,"no",0,0,0,3.983,47,0,0,0,0,0,"small","cBP15Qp0ge"
"spam",0,1,0,0,"2012-01-10 08:29:19",0,0,0,"no",0,0,0,0.45,14,0,0,0,0,0,"none","QLht1gIBAI"
"spam",1,1,0,0,"2012-01-10 08:27:08",0,0,0,"no",0,0,0,10.376,240,1,0,0,0,5,"big","bd9kHZzIEd"
"spam",1,1,0,0,"2012-01-10 08:57:51",0,1,0,"no",0,0,0,10.216,202,1,0,0,0,2,"small","soswRoXG4O"
"spam",0,1,0,1,"2012-01-10 10:32:03",0,0,0,"no",0,0,0,0.193,7,1,0,0,0,0,"none","UdO2gWJx4w"
"spam",1,1,0,1,"2012-01-10 10:42:53",0,0,0,"no",0,0,0,0.43,13,1,0,0,0,0,"none","vk62gT8Ly3"
"spam",0,1,0,1,"2012-01-10 11:59:52",0,0,0,"no",0,0,0,0.215,6,0,1,0,0,0,"none","hDkLjbDiWh"
"spam",1,1,0,0,"2012-01-10 13:39:17",0,0,0,"no",0,0,0,1.011,38,0,0,0,0,0,"none","50Lfkf6o01"
"spam",0,1,0,1,"2012-01-10 18:36:27",0,0,0,"no",0,0,0,0.997,28,1,1,0,0,0,"small","52Hz25NKxL"
"spam",0,1,0,0,"2012-01-11 08:00:03",0,0,8,"no",1,0,0,9.774,233,1,0,0,0,7,"small","4PUURuug4u"
"spam",0,1,0,0,"2012-01-11 09:48:50",0,0,16,"no",0,0,0,10.468,175,1,0,1,0,14,"small","oXQVMrtJlj"
"spam",1,1,0,0,"2012-01-11 12:04:11",0,0,3,"no",0,0,0,15.987,213,0,0,1,0,8,"small","kTnSQ1ptRj"
"spam",0,1,0,0,"2012-01-11 18:08:58",0,0,8,"no",0,0,0,9.304,310,1,0,0,0,3,"small","z8SxkbXug0"
"spam",0,1,0,0,"2012-01-11 12:34:00",1,2,0,"no",0,0,0,7.537,213,1,0,0,0,5,"small","pS23wLJhli"
"spam",0,1,0,0,"2012-01-11 17:53:42",0,0,1,"no",0,0,0,2.099,49,0,0,0,0,1,"small","OPmA4PafSp"
"spam",0,1,0,0,"2012-01-11 19:20:32",0,0,0,"no",0,0,0,4.22,105,1,0,0,0,1,"small","WcmyhHxnKG"
"spam",0,1,0,0,"2012-01-12 05:09:19",0,0,0,"no",0,0,0,7.812,223,1,0,0,0,0,"small","ZIZtFlbumq"
"spam",0,1,0,0,"2012-01-12 08:05:27",0,0,4,"no",1,0,0,7.69,186,1,0,0,0,5,"small","SxYSyaP23K"
"spam",0,1,0,1,"2012-01-12 09:18:27",0,0,0,"no",0,0,0,4.866,101,1,1,0,0,8,"small","ssLkiazJZP"
"spam",0,1,0,1,"2012-01-12 07:56:44",0,0,0,"no",0,0,0,1.002,31,1,1,0,0,0,"small","oBk9EBQazl"
"spam",0,1,0,0,"2012-01-12 14:40:46",0,0,0,"no",0,0,0,4.917,119,1,0,0,0,0,"big","zsHLJhhkUg"
"spam",0,1,5,0,"2012-01-12 14:05:14",0,1,0,"no",0,0,0,5.703,112,0,0,0,0,0,"small","LZnborjcqJ"
"spam",0,1,0,1,"2012-01-12 11:07:46",0,0,0,"no",0,0,0,3.368,58,1,0,0,0,0,"small","3JwRoyNJkB"
"spam",1,1,0,0,"2012-01-12 15:17:06",0,0,0,"no",0,0,0,2.895,45,0,0,1,0,2,"small","4CZoMaUSvM"
"spam",0,1,0,0,"2012-01-13 08:02:22",0,0,4,"no",1,0,0,9.702,229,1,0,0,0,6,"small","ghltAOxZOu"
"spam",0,1,0,0,"2012-01-13 04:31:04",0,0,0,"no",0,0,0,26.934,378,1,0,0,0,10,"small","WkWzTFdGUA"
"spam",1,1,0,1,"2012-01-13 06:45:07",0,0,0,"no",0,0,0,3.028,84,1,0,0,0,4,"small","LpfnQde3v4"
"spam",0,1,0,1,"2012-01-13 07:19:28",0,0,0,"no",0,0,0,5.995,142,1,1,0,0,0,"small","K3JvcNJAqE"
"spam",0,1,1,1,"2012-01-13 07:25:34",0,0,0,"no",0,0,0,4.829,128,1,1,0,0,8,"small","JMsrddVwQA"
"spam",0,1,1,1,"2012-01-13 08:24:54",0,0,4,"no",0,0,0,10.259,259,1,1,0,0,12,"small","HcRBxhAraf"
"spam",0,1,0,0,"2012-01-13 11:00:00",0,0,2,"no",0,0,0,17.549,124,1,0,0,0,4,"small","BY0Tw0t9xI"
"spam",0,1,0,1,"2012-01-13 12:52:56",0,0,0,"no",0,0,0,3.951,78,1,1,0,0,0,"small","g479cUTfoD"
"spam",0,1,1,1,"2012-01-13 11:43:08",0,0,0,"no",0,0,0,1.34,32,1,1,0,0,0,"small","3wbO7GAvU4"
"spam",0,1,0,0,"2012-01-13 13:41:50",0,0,0,"no",0,0,0,8.88,147,1,0,0,0,3,"small","a6kAYBNiQs"
"spam",0,1,0,0,"2012-01-14 08:03:23",0,0,4,"no",1,0,0,7.723,189,1,0,0,0,5,"small","fMlQUeCM3N"
"spam",0,1,1,1,"2012-01-14 13:21:28",0,0,2,"no",0,0,0,7.178,155,1,1,0,0,2,"small","PuHvyQs7DK"
"spam",0,1,0,0,"2012-01-15 08:01:51",0,0,4,"no",1,0,0,7.55,186,1,0,0,0,5,"small","st2miVgcQV"
"spam",0,1,0,0,"2012-01-15 12:08:46",0,0,2,"no",0,0,0,2.506,40,0,0,0,0,0,"small","oNPuDlcmUV"
"spam",0,1,0,0,"2012-01-15 12:11:26",0,0,2,"no",0,0,0,9.719,178,1,0,0,0,0,"big","bfze9qS15o"
"spam",0,1,0,0,"2012-01-15 05:24:15",0,0,0,"no",0,0,0,5.273,93,1,0,0,0,3,"small","X9QfMjZfrX"
"spam",0,1,0,0,"2012-01-15 14:51:03",0,0,4,"no",0,0,0,4.447,87,0,0,0,0,1,"small","XeSbAIGSgT"
"not_spam",0,1,0,0,"2012-01-01 11:21:55",0,0,0,"no",0,0,0,3.796,71,1,0,0,0,4,"small","7tolLOgLi7"
"not_spam",0,1,0,0,"2012-01-01 18:16:08",0,0,0,"no",0,0,0,2.705,35,1,0,0,0,0,"none","9s4vioxPeI"
"not_spam",1,1,0,0,"2012-01-03 11:33:27",0,0,0,"no",0,0,0,0.443,13,0,0,0,0,0,"small","LDl3PM7hhY"
"not_spam",0,1,4,0,"2012-01-04 07:36:23",0,2,0,"no",0,0,0,0.631,28,0,0,0,0,2,"none","qWm6QjXdwE"
"not_spam",0,1,0,0,"2012-01-04 10:55:45",0,0,1,"yes",0,0,0,0.963,37,0,1,0,0,0,"none","sEU4Nq2X0E"
"not_spam",0,1,0,0,"2012-01-04 15:19:35",0,0,0,"yes",0,0,0,33.809,549,1,0,0,0,28,"small","XOqTXEzf0C"
"not_spam",0,1,0,0,"2012-01-05 04:20:53",0,0,2,"no",0,8,0,0.597,9,1,0,1,0,4,"small","V00R4oH0Rg"
"not_spam",0,1,0,0,"2012-01-16 02:54:49",0,0,0,"no",0,0,0,0.466,13,1,0,0,0,0,"none","qIbigpbDp3"
"not_spam",0,1,0,0,"2012-01-17 06:56:28",0,0,0,"no",0,0,0,0.652,11,1,0,0,0,1,"small","wBw8vEWkR4"
"spam",0,1,0,0,"2012-01-22 03:13:00",0,0,0,"no",0,0,0,1.05,15,1,0,0,0,1,"small","mGfhdc6FSd"
"spam",0,1,0,0,"2012-01-23 08:58:41",0,0,0,"no",0,0,0,0.234,9,1,1,0,0,0,"none","g0awVgEW9O"
"spam",0,1,4,0,"2012-01-14 01:03:03",0,2,0,"no",0,0,0,0.424,22,0,0,0,0,0,"none","SrqvFYhglQ"
"spam",0,1,0,0,"2012-01-15 10:58:56",0,0,0,"no",0,0,0,8.78,146,1,0,0,0,7,"small","KRLurTokS8"
"spam",0,1,0,0,"2012-01-15 14:27:24",0,0,0,"no",0,0,0,6.783,115,1,0,0,0,1,"small","iXEX39NmnS"
"spam",0,1,0,0,"2012-01-15 15:25:06",0,0,0,"no",0,0,0,6.917,113,1,0,0,0,1,"small","JUKXX62Jvi"
"spam",1,1,0,0,"2012-01-15 19:46:16",0,1,2,"no",0,0,0,0.824,37,0,0,0,0,4,"small","y20szW15Hl"
"spam",0,1,0,0,"2012-01-15 17:39:22",0,0,1,"no",0,0,18,20.021,240,1,0,0,0,22,"small","VxUvbjsCni"
"spam",0,1,3,0,"2012-01-15 22:57:00",0,0,0,"no",0,0,0,4.75,114,1,0,0,0,0,"big","DuVB4aqzCL"
"spam",0,1,0,0,"2012-01-16 08:03:13",0,0,12,"no",1,0,0,11.626,266,1,0,0,0,7,"small","RR6HQDwUzc"
"spam",0,1,2,1,"2012-01-16 11:58:26",0,0,0,"no",0,0,0,12.468,353,1,1,0,0,4,"big","EVSIfqgC7O"
"spam",0,1,0,0,"2012-01-17 06:46:55",0,0,0,"no",0,0,0,0.214,12,0,0,0,0,0,"none","jpcXUoWBpZ"
"spam",0,1,64,0,"2012-01-17 08:05:51",0,0,0,"no",0,0,0,4.766,92,1,0,0,0,1,"small","gWhQseWaiN"
"spam",0,1,0,0,"2012-01-17 05:58:13",0,0,0,"no",0,0,0,34.104,608,1,0,0,0,0,"small","OrnWwzE8ms"
"spam",0,1,1,1,"2012-01-17 11:35:54",0,0,0,"no",0,0,0,3.163,88,1,1,0,0,2,"big","srf2s5hDH4"
"spam",0,1,0,0,"2012-01-17 11:31:44",0,0,0,"no",0,0,0,1.824,42,0,0,0,0,3,"none","NR0v4mvMak"
"spam",0,1,0,1,"2012-01-17 12:55:31",0,0,0,"no",0,0,0,0.609,16,0,0,0,0,4,"none","mHqqjmtdNw"
"spam",0,1,0,0,"2012-01-17 10:43:35",0,0,0,"no",0,0,0,6.592,135,1,0,0,0,0,"small","VM317VTrd7"
"spam",1,1,0,0,"2012-01-17 13:56:39",0,0,0,"no",0,0,0,7.29,83,0,0,0,0,0,"big","hsGqrfR6rC"
"spam",0,1,0,1,"2012-01-17 14:04:49",1,1,0,"no",0,0,0,0.069,7,1,0,0,0,0,"none","pWkc6D08pj"
"spam",0,1,0,0,"2012-01-17 14:18:52",0,0,0,"no",0,0,0,63.127,1128,1,0,0,0,89,"big","kZTRIuBKST"
"spam",0,1,0,1,"2012-01-17 15:01:07",0,0,0,"no",0,0,0,0.326,10,1,0,0,0,0,"none","N8itsG1OH6"
"spam",0,1,0,0,"2012-01-17 20:20:31",0,0,11,"no",0,0,0,15.602,350,1,0,1,0,2,"small","WNhYt3jNlV"
"spam",0,1,0,0,"2012-01-17 15:35:51",0,0,12,"no",0,0,0,17.376,215,1,0,1,0,18,"small","f0CNJTkR9L"
"spam",0,1,0,0,"2012-01-17 22:02:50",0,0,1,"no",0,0,0,1.183,32,0,0,0,0,0,"small","WVV6ucIO4b"
"spam",0,1,0,0,"2012-01-18 10:26:15",0,0,4,"no",0,0,0,1.047,31,0,0,0,0,2,"small","rtMLhu7vQa"
"spam",1,1,0,0,"2012-01-18 05:43:23",0,0,0,"no",0,0,0,3.401,59,0,0,0,0,0,"small","OfKcQOVIXn"
"spam",1,1,0,0,"2012-01-18 05:48:43",0,0,0,"no",0,0,0,1.239,29,0,0,0,0,0,"small","FzyhJcQfrX"
"spam",0,1,0,0,"2012-01-18 06:15:17",0,0,4,"no",0,0,0,9.985,299,1,0,0,0,1,"small","H2ChN8w7cq"
"spam",0,1,0,0,"2012-01-18 06:41:52",0,0,0,"no",0,0,0,1.781,11,0,0,0,0,0,"none","4jyax5qR4w"
"spam",0,1,0,0,"2012-01-18 06:45:35",0,0,0,"no",0,0,0,0.123,8,1,1,0,0,0,"none","gGLvws8DWf"
"spam",0,1,0,0,"2012-01-18 11:47:45",0,0,4,"no",0,0,0,0.984,33,0,0,0,0,1,"small","pRmTskMtfy"
"spam",1,1,0,0,"2012-01-18 08:24:59",1,1,0,"no",1,0,0,25.599,674,1,0,0,0,31,"small","mYtnctZeCS"
"spam",0,1,1,1,"2012-01-18 08:49:40",0,0,0,"no",0,0,0,6.244,177,1,1,0,0,0,"small","UyfDTYo4Tx"
"spam",1,1,0,0,"2012-01-18 08:49:46",0,0,0,"no",0,0,0,0.455,21,0,0,0,0,0,"small","0QUD9qAFn6"
"spam",0,1,1,1,"2012-01-18 08:54:38",0,0,0,"no",0,0,0,11.412,259,1,1,0,0,2,"small","ZroZcu8MuA"
"spam",0,1,1,1,"2012-01-18 08:55:23",0,0,0,"no",0,0,0,14.634,305,1,1,0,0,2,"small","ZKjV8w4QU2"
"spam",0,1,0,0,"2012-01-18 09:25:59",0,0,10,"no",0,0,0,8.002,137,1,0,1,0,10,"small","zu3kjpwL2c"
"spam",0,1,0,1,"2012-01-18 09:35:30",0,0,0,"no",0,0,0,15.265,348,1,0,0,0,2,"big","9QvZbToMxa"
"spam",0,1,0,1,"2012-01-18 10:59:24",0,0,0,"no",0,0,0,0.27,11,0,0,0,0,0,"none","l6jnwy4no6"
"spam",0,1,0,1,"2012-01-18 12:39:00",0,0,0,"no",0,0,0,0.531,8,1,0,0,0,0,"none","RK0gn0dETn"
"spam",1,1,0,1,"2012-01-18 11:55:21",0,0,0,"no",0,0,0,7.806,315,1,1,0,0,4,"big","C650RrwxmR"
"spam",0,1,0,0,"2012-01-18 18:58:19",0,0,23,"no",0,0,0,4.566,91,1,0,0,0,1,"small","WK8cOu77ry"
"spam",0,1,0,0,"2012-01-18 15:34:39",0,0,18,"no",0,0,0,14.268,195,1,0,1,0,24,"small","q7LzQ20gXT"
"spam",0,1,0,0,"2012-01-19 06:22:37",0,0,0,"no",0,0,0,0.73,15,1,0,0,0,4,"none","i601YTjgWu"
"spam",1,1,15,0,"2012-01-19 08:32:25",0,0,0,"no",0,0,0,4.517,67,0,0,0,0,0,"big","xmKsaCbeSf"
"spam",0,1,0,1,"2012-01-19 10:29:54",0,1,0,"no",0,0,0,0.824,17,1,0,0,0,0,"none","6RsTp6efq4"
"spam",0,1,0,1,"2012-01-19 10:47:15",0,0,0,"no",0,0,0,11.427,306,1,1,0,0,0,"small","ffsfinIkyg"
"spam",0,1,0,1,"2012-01-19 16:17:44",0,0,0,"no",0,0,0,4.92,79,1,1,0,0,5,"small","nlksZuaKFd"
"spam",0,1,0,1,"2012-01-19 17:34:04",0,0,0,"no",0,0,0,8.781,228,1,1,0,0,5,"big","q5dF2KA3Fo"
"spam",0,1,0,1,"2012-01-19 19:23:45",0,0,0,"no",0,0,0,4.237,69,1,1,0,0,0,"small","LNgLIwCSoy"
"spam",0,1,0,0,"2012-01-20 08:00:18",0,0,4,"no",1,0,0,7.759,192,1,0,0,0,5,"small","JH3kKlqXym"
"spam",0,1,0,0,"2012-01-20 11:10:39",0,0,0,"no",0,0,0,3.258,64,1,0,0,0,4,"none","A3tzOV2YZU"
"spam",0,1,1,1,"2012-01-20 06:53:34",0,0,0,"no",0,0,0,14.982,270,1,1,0,0,0,"big","EDEXqllZjK"
"spam",0,1,0,0,"2012-01-20 09:01:03",0,0,0,"no",0,0,0,1.49,40,0,0,0,0,3,"small","Lhc01GfMz9"
"spam",1,1,1,0,"2012-01-20 10:56:54",0,1,0,"no",0,0,0,5.468,110,1,0,0,0,0,"small","oBAAmVNkoX"
"spam",1,1,0,0,"2012-01-20 11:52:57",0,0,0,"no",0,0,0,8.378,173,1,0,0,0,0,"small","9F379gQbjc"
"spam",1,1,0,0,"2012-01-20 09:14:54",0,0,0,"no",0,0,0,1.109,23,0,0,0,0,0,"small","NFxmqSRwex"
"spam",0,1,9,1,"2012-01-20 11:21:43",0,0,2,"no",0,0,0,9.856,259,1,1,0,0,3,"small","WfxFXvsgxa"
"spam",0,1,0,0,"2012-01-20 17:16:18",0,0,0,"no",0,0,0,24.144,451,1,0,0,0,2,"small","x5ffueYnjZ"
"spam",0,1,0,1,"2012-01-20 23:41:11",0,0,0,"no",0,0,0,0.225,7,0,0,0,0,0,"none","Iasp4K5RBW"
"spam",0,1,0,0,"2012-01-21 08:00:33",0,0,18,"no",1,0,0,13.724,307,1,0,0,0,8,"small","Oh1kOf9bUa"
"spam",0,1,0,0,"2012-01-21 11:18:21",0,0,0,"no",0,0,0,2.25,60,1,0,0,0,4,"small","nQLMYX8kVm"
"spam",0,1,0,1,"2012-01-21 14:01:51",0,0,0,"no",0,0,2,2.292,41,1,0,0,0,0,"small","3Hcv1YPgWe"
"spam",0,1,0,1,"2012-01-21 18:14:35",2,2,0,"no",0,0,6,11.541,236,1,1,0,0,0,"big","ejjVKA2mNZ"
"spam",0,1,0,0,"2012-01-21 19:26:59",0,0,0,"no",0,0,0,9.199,150,1,0,0,0,1,"small","HcGZsILwLQ"
"spam",0,1,0,0,"2012-01-22 08:00:36",0,0,8,"no",1,0,0,9.898,234,1,0,0,0,6,"small","F6wRATpkcu"
"spam",0,1,0,1,"2012-01-22 06:52:40",0,0,0,"no",0,0,2,7.652,136,1,1,0,0,2,"small","1wriCJywvJ"
"spam",0,1,0,1,"2012-01-22 07:45:22",0,0,0,"no",0,0,2,10.368,194,1,1,0,0,2,"small","Mswu7CMnLX"
"spam",0,1,0,0,"2012-01-22 06:00:36",0,0,0,"no",0,0,0,6.757,115,1,0,0,0,3,"small","97qrLm6POH"
"spam",0,1,7,0,"2012-01-22 06:53:39",0,0,0,"no",0,0,0,6.425,143,1,1,0,0,4,"big","0pQiXoYMHc"
"spam",0,1,7,0,"2012-01-22 11:43:03",0,0,0,"no",0,0,0,2.577,76,0,1,0,0,4,"small","4QhPMbSWtG"
"spam",1,1,0,0,"2012-01-22 12:09:42",0,0,0,"no",0,0,0,0.826,17,0,0,1,0,1,"small","lSWjT0JhO8"
"spam",0,1,0,0,"2012-01-22 13:22:07",0,0,6,"no",0,0,0,19.142,257,1,0,1,0,20,"small","ADINf2aLie"
"spam",0,1,0,1,"2012-01-22 14:48:46",1,1,0,"no",0,0,0,4.444,93,1,0,0,0,2,"small","ipQM8S3sGM"
"spam",0,1,0,0,"2012-01-22 15:30:04",0,0,0,"no",0,0,0,0.88,27,0,0,0,0,1,"none","0oPZJNBWE0"
"spam",0,1,0,0,"2012-01-22 13:23:41",0,0,0,"no",6,0,0,9.806,180,1,0,0,0,1,"small","Wf38sBSKqT"
"spam",0,1,0,1,"2012-01-22 19:44:58",0,0,0,"no",0,0,0,3.618,60,1,1,0,0,0,"small","6ox7SmJYfb"
"spam",1,1,1,1,"2012-01-22 19:49:58",0,0,0,"no",0,0,0,2.14,43,1,0,0,0,0,"none","6zWVVqWawk"
"spam",1,1,0,0,"2012-01-20 13:31:30",0,0,0,"yes",0,0,0,6.561,116,0,0,0,0,1,"small","UvJl5UmjTT"
"spam",1,1,0,0,"2012-01-21 07:08:13",0,0,0,"no",0,0,0,3.219,56,0,0,0,0,1,"small","0ZmJVM4cyl"
"spam",1,1,0,0,"2012-01-23 06:37:26",0,0,0,"no",0,0,0,35.925,460,0,0,0,0,0,"big","k7RrDcmPOz"
"spam",1,1,0,0,"2012-01-23 07:36:19",0,0,0,"no",0,0,0,17.554,238,0,0,0,0,8,"big","N2qATQUo4z"
"spam",0,1,0,1,"2012-01-23 14:48:52",0,0,0,"no",0,0,0,1.931,50,1,1,0,0,4,"small","KavEQAD5y6"
"spam",0,1,0,1,"2012-01-23 14:52:04",0,0,12,"no",0,0,0,10.403,257,1,1,1,0,10,"small","RUgLIP6BGo"
"spam",0,1,0,0,"2012-01-23 16:23:58",0,0,0,"no",0,0,0,24.832,624,1,0,0,0,2,"small","quRfSj8ILt"
"spam",0,1,0,0,"2012-01-23 17:14:17",0,0,0,"no",0,0,0,9.197,148,1,0,0,0,6,"small","G2bcGXoyNO"
"spam",0,1,0,0,"2012-01-23 18:27:46",0,0,0,"no",0,0,0,26.526,653,1,0,0,0,2,"small","OFXNE7aTnm"
"spam",0,1,0,0,"2012-01-24 08:04:07",0,0,22,"no",1,0,0,17.135,376,1,0,0,0,10,"small","lo6cBH4ZWv"
"spam",0,1,0,0,"2012-01-24 09:43:59",0,0,4,"no",0,0,0,4.575,87,0,0,0,0,1,"small","uHGVCI78Cl"
"spam",0,1,0,0,"2012-01-24 04:00:05",0,0,0,"no",0,0,0,3.306,89,1,0,0,0,1,"small","kj5G2LiJzZ"
"spam",0,1,0,0,"2012-01-24 06:54:54",0,0,0,"no",0,0,0,24.294,616,1,0,0,0,1,"small","k7MZJXwWsl"
"spam",1,1,0,1,"2012-01-24 07:28:52",0,0,0,"no",0,0,0,0.332,9,0,0,0,0,0,"none","etUW2U2bKn"
"spam",0,1,1,1,"2012-01-24 07:47:49",0,0,0,"no",0,0,0,0.518,17,0,1,0,0,0,"small","THAzdT0TqX"
"spam",0,1,0,0,"2012-01-20 07:24:00",0,0,0,"no",0,0,0,22.817,446,1,0,0,0,55,"small","Je27K98ndD"
"spam",1,1,0,0,"2012-01-24 12:11:01",0,0,0,"no",0,0,0,0.718,11,0,0,1,0,0,"none","xWrWN2sl0L"
"spam",0,1,0,0,"2012-01-24 12:29:14",0,0,0,"no",0,0,0,33.115,781,1,0,0,0,1,"small","tWCNQMPZHz"
"spam",0,1,0,0,"2012-01-24 12:36:59",0,0,0,"no",0,0,0,30.363,724,1,0,0,0,1,"small","OTWw176Txe"
"spam",0,1,0,1,"2012-01-24 12:56:35",0,0,4,"no",0,0,0,9.622,256,1,1,0,0,8,"small","vwWoEjk7yg"
"spam",0,1,0,1,"2012-01-24 12:58:50",0,0,0,"yes",0,0,0,17.402,233,0,1,0,0,1,"small","LvbSeuNhZo"
"spam",0,1,0,0,"2012-01-25 02:13:06",0,0,4,"no",0,0,0,0.969,14,1,0,0,0,0,"small","whmDEK0twv"
"spam",1,1,1,0,"2012-01-25 07:09:23",0,0,0,"no",0,0,0,2.107,57,1,1,0,0,2,"small","moGmTpoYuh"
"spam",1,1,0,0,"2012-01-25 07:38:45",0,0,0,"no",0,0,0,11.438,170,0,0,0,0,0,"small","JoWKEtdLaD"
"spam",0,1,0,1,"2012-01-25 10:31:11",0,0,0,"no",0,0,0,14.581,262,1,1,0,0,2,"small","UVVpmu2bHM"
"spam",0,1,0,0,"2012-01-25 11:04:30",0,0,0,"no",0,0,0,16.198,242,1,0,0,0,2,"big","kT9hWLnzrF"
"spam",0,1,0,0,"2012-01-25 10:51:30",0,0,0,"no",0,0,0,0.77,24,0,0,0,0,0,"none","ZvwBDVjVVx"
"spam",1,1,0,0,"2012-01-25 12:16:14",0,0,0,"no",0,0,0,0.478,9,0,0,0,0,1,"small","moKeVpfrhY"
"spam",0,1,0,0,"2012-01-25 14:12:52",0,0,0,"no",0,0,0,24.289,620,1,0,0,0,1,"small","432Rv3Uhdw"
"spam",0,1,2,1,"2012-01-25 14:46:55",0,0,10,"no",0,0,0,23.308,477,1,1,0,0,12,"small","4jGZjkcq9L"
"spam",0,1,0,0,"2012-01-25 15:02:37",0,0,0,"no",0,0,0,26.588,659,1,0,0,0,1,"small","lgWwp2adJB"
"spam",0,1,0,0,"2012-01-25 15:09:43",0,0,0,"no",0,0,0,27.971,685,1,0,0,0,1,"small","IAUJMALBtH"
"spam",0,1,0,0,"2012-01-25 12:24:36",0,0,0,"no",0,0,0,6.927,117,1,0,0,0,1,"small","5Svyx7oMuA"
"spam",1,1,0,0,"2012-01-26 05:15:31",0,0,0,"no",0,0,0,9.014,119,0,0,0,0,0,"small","bS06Nsqb7E"
"spam",1,1,0,0,"2012-01-26 06:18:01",0,1,0,"no",0,0,0,0.302,8,0,0,0,0,0,"none","EBDbOigKur"
"spam",0,1,0,1,"2012-01-26 06:23:19",0,0,0,"no",0,0,0,0.605,18,1,1,0,0,2,"small","o3kGrShKOR"
"spam",0,1,0,1,"2012-01-26 07:12:02",0,0,2,"no",0,0,0,59.007,1643,1,0,0,0,41,"big","e0Ffn4NwMZ"
"spam",0,1,0,1,"2012-01-26 09:56:03",0,0,0,"no",0,0,0,1.637,37,1,1,0,0,2,"small","F4VIkSLoc8"
"spam",1,1,0,0,"2012-01-26 07:46:27",0,0,0,"no",0,0,0,0.559,15,0,0,0,0,0,"small","VPHBNgFFqz"
"spam",0,1,0,0,"2012-01-26 13:18:52",0,0,0,"no",0,0,0,1.025,33,0,0,0,0,1,"small","uiN9WePuxQ"
"spam",0,1,0,0,"2012-01-26 14:22:10",0,0,0,"no",0,0,0,0.404,10,0,0,0,0,0,"none","mhHIxuIpla"
"spam",0,1,0,0,"2012-01-26 18:05:04",0,1,0,"no",0,0,0,3.057,63,0,0,0,0,0,"big","O7DL7V3E57"
"spam",0,1,0,0,"2012-01-27 04:29:51",0,0,0,"no",0,0,0,10.824,353,1,0,0,0,2,"small","itGNEzySll"
"spam",1,1,0,0,"2012-01-27 06:16:39",0,0,0,"no",0,0,0,5.627,134,1,0,0,0,5,"big","WWpxPw1SXj"
"spam",0,1,0,0,"2012-01-27 06:26:15",0,0,0,"no",0,0,0,24.222,620,1,0,0,0,1,"small","Z01CSIRaqW"
"spam",0,1,0,0,"2012-01-27 13:00:31",0,0,2,"no",0,0,0,10.308,165,1,0,1,0,6,"small","UZRM6EJF7D"
"spam",0,1,0,1,"2012-01-27 14:46:57",0,0,0,"no",0,0,0,4.621,90,1,0,0,0,4,"small","2ao3eMzVVc"
"spam",0,1,0,1,"2012-01-28 07:30:05",0,0,0,"no",0,0,0,12.985,347,1,1,1,0,34,"small","eEOeDQbIpu"
"spam",0,1,0,0,"2012-01-28 13:28:14",0,0,4,"no",0,0,0,4.492,87,0,0,0,0,1,"small","XxkzvIIdHQ"
"spam",0,1,0,0,"2012-01-28 17:42:42",0,0,23,"no",0,0,0,17.188,578,1,0,0,0,3,"small","OKI6EY9Qgu"
"spam",0,1,0,0,"2012-01-28 17:43:26",0,0,0,"no",0,0,0,4.637,134,1,0,0,0,2,"small","YodvWcX6O3"
"spam",0,1,0,0,"2012-01-29 01:34:24",0,0,6,"no",0,0,0,8.553,276,1,0,0,0,3,"small","7kIFABi4Xk"
"spam",0,1,0,0,"2012-01-29 01:24:38",0,0,0,"no",0,0,0,13.157,251,1,0,0,0,44,"small","vr9PSGIDUv"
"spam",0,1,0,0,"2012-01-29 10:15:06",0,0,0,"no",0,0,0,0.712,23,0,0,0,0,0,"none","AFBhJdSQdi"
"spam",0,1,0,0,"2012-01-29 10:16:46",0,0,0,"no",0,0,0,0.711,23,0,0,0,0,0,"none","TDTjOcLmhP"
"spam",0,1,0,0,"2012-01-29 10:31:15",0,0,0,"no",0,0,0,0.725,23,0,0,0,0,0,"none","vHBLKCvJOq"
"spam",0,1,0,0,"2012-01-29 10:32:13",0,0,0,"no",0,0,0,0.727,23,0,0,0,0,0,"none","MfdBk549xx"
"spam",0,1,0,0,"2012-01-29 10:33:44",0,0,0,"no",0,0,0,0.73,23,0,0,0,0,0,"none","yrZ5WZhhAs"
"spam",0,1,0,0,"2012-01-29 10:39:02",0,0,0,"no",0,0,0,0.728,23,0,0,0,0,0,"none","HhDprpcFql"
"spam",0,1,0,0,"2012-01-29 18:55:51",0,0,0,"no",0,0,0,1.222,30,0,0,0,0,0,"small","NFle4qyzgc"
"spam",0,1,0,0,"2012-01-30 02:30:59",0,0,0,"no",0,0,0,4.826,86,1,0,0,0,5,"small","ItsB7wsn6h"
"spam",0,1,1,1,"2012-01-30 13:46:23",0,0,0,"no",0,0,0,3.732,84,1,1,0,0,7,"small","GPp3seIBMj"
"spam",1,1,0,0,"2012-01-30 12:55:33",0,0,0,"no",0,0,0,1.003,28,1,0,0,0,0,"big","8m3KWSI19E"
"spam",0,1,0,1,"2012-01-30 17:09:10",0,0,0,"no",0,0,0,4.695,108,1,1,0,0,0,"small","HYdCdWFfoi"
"spam",0,1,0,0,"2012-01-30 22:10:36",0,0,0,"no",0,0,0,0.602,29,0,0,0,0,0,"small","oXVuTSoFqf"
"spam",0,1,0,0,"2012-01-31 11:23:09",0,0,4,"no",1,0,0,7.865,193,1,0,0,0,5,"small","0eWo9Pxj2N"
"spam",0,1,0,0,"2012-01-31 11:51:34",0,0,0,"no",0,0,0,17.337,276,1,0,0,0,2,"small","GVxSoAWl4R"
"spam",0,1,0,0,"2012-01-31 04:00:05",0,0,0,"no",0,0,0,4.046,107,1,0,0,0,1,"small","8RysTzaugR"
"spam",1,1,0,0,"2012-01-31 07:14:14",0,0,0,"no",0,0,0,4.839,104,1,0,0,0,0,"small","9cKfZjNMrA"
"spam",0,1,0,0,"2012-01-31 15:29:34",0,0,0,"no",0,0,0,6.634,134,1,0,0,0,2,"small","6D4f718lyd"
"spam",0,1,0,0,"2012-01-31 08:26:40",0,0,0,"no",0,0,0,4.614,82,1,0,0,0,1,"small","zXkphYvUis"
"spam",0,1,0,1,"2012-01-31 11:46:44",0,0,2,"no",0,0,0,3.402,80,1,1,0,0,2,"small","WD90idUl0d"
"spam",0,1,0,0,"2012-01-31 18:18:26",0,0,0,"no",0,0,0,0.493,17,0,0,0,0,0,"small","blukrwad18"
"spam",0,1,2,0,"2012-01-31 13:21:51",0,0,1,"no",0,0,0,5.856,237,1,0,0,0,1,"small","YqesD0vnc1"
"spam",0,1,0,0,"2012-01-31 14:06:19",0,0,0,"no",0,0,0,26.839,665,1,0,0,0,2,"small","VC1e8Be0zE"
"spam",0,1,0,1,"2012-01-31 13:45:37",0,0,0,"no",0,0,0,3.494,106,1,1,0,0,4,"small","AXxIlswkKy"
"spam",0,1,0,0,"2012-02-01 08:04:36",0,0,12,"no",1,0,0,11.876,269,1,0,0,0,7,"small","IS3CkkcJ7e"
"spam",0,1,0,0,"2012-02-01 02:05:06",0,0,0,"no",0,0,2,1.091,25,0,0,0,0,1,"none","czv5J6Ufq1"
"spam",0,1,0,0,"2012-02-01 11:16:18",0,0,0,"no",1,0,0,7.956,192,1,0,0,0,5,"small","F0nNFJ6vjL"
"spam",0,1,3,1,"2012-01-30 10:24:02",0,0,0,"no",0,0,0,3.078,93,1,1,1,0,14,"small","hhF2Wckow0"
"spam",0,1,2,1,"2012-02-01 07:30:38",0,0,0,"no",0,0,0,29.186,678,1,1,0,0,2,"small","JcF9F8HzJO"
"spam",0,1,0,0,"2012-02-01 08:29:33",0,0,0,"no",0,0,0,0.413,12,0,0,0,0,0,"none","InK7KQtp2x"
"spam",0,1,1,0,"2012-02-01 07:36:35",0,0,0,"no",0,0,0,3.223,78,1,1,0,0,0,"big","OSzQpfm92y"
"spam",1,1,0,1,"2012-02-01 09:07:11",0,1,0,"no",0,0,0,5.39,90,1,0,0,0,2,"small","YvqJZm2mM9"
"spam",1,1,0,0,"2012-02-01 09:15:17",0,0,0,"no",0,0,0,31.695,419,0,0,0,0,1,"big","23PMikOqGR"
"spam",0,1,0,0,"2012-02-01 14:32:11",0,0,0,"no",0,0,2,11.229,287,1,0,0,0,36,"small","7JH62qKhT4"
"spam",1,1,0,0,"2012-02-01 15:42:13",0,0,0,"no",0,0,0,1.2,26,0,1,0,0,0,"small","6E9kBzSsnm"
"spam",0,1,0,0,"2012-02-01 08:52:24",0,0,0,"no",0,0,0,12.022,282,1,0,0,0,0,"small","pG5YWH6XcI"
"spam",0,1,0,0,"2012-02-01 12:06:40",0,0,0,"no",0,0,0,12.46,152,1,0,0,0,9,"big","RnM2hHJUSS"
"spam",0,1,0,1,"2012-02-01 12:10:30",0,0,0,"no",0,0,0,57.538,1616,1,1,0,0,15,"big","Kjj7PIo33W"
"spam",0,1,0,0,"2012-02-01 12:28:54",0,0,0,"no",0,0,0,8.235,208,1,0,0,0,7,"small","gGl959hibp"
"spam",0,1,0,0,"2012-02-01 14:38:03",0,0,0,"no",0,0,0,2.374,100,0,1,0,0,2,"small","obKVbztVWK"
"spam",0,1,0,0,"2012-02-01 18:22:47",0,0,0,"no",0,0,0,31.813,416,0,0,0,0,0,"none","dXuCSdN7QZ"
"spam",0,1,0,1,"2012-02-01 15:57:24",0,0,0,"no",0,0,0,6.161,143,1,1,0,0,2,"small","uNldtRYVum"
"spam",0,1,0,0,"2012-02-01 18:14:31",0,0,0,"no",0,0,0,3.347,93,1,1,0,0,8,"small","iFMseMlOQM"
"spam",0,1,0,1,"2012-02-01 21:34:08",0,0,0,"no",0,0,0,0.833,20,1,0,0,0,0,"none","QWOuDxQr1K"
"spam",0,1,0,0,"2012-02-02 02:41:39",0,0,0,"no",0,0,0,9.882,197,1,0,0,0,0,"big","dxjCjaDakL"
"spam",0,1,0,0,"2012-02-02 03:21:05",0,0,0,"no",0,0,0,2.221,56,1,0,0,0,3,"small","O6tRuiwvu9"
"spam",0,1,0,1,"2012-02-01 20:46:23",0,0,0,"no",0,0,0,1.668,33,1,1,1,0,4,"small","S96GdTGQgR"
"spam",0,1,0,0,"2012-02-02 11:05:45",0,0,14,"no",1,0,0,19.813,422,1,0,0,0,11,"small","963L91G6sn"
"spam",1,1,0,0,"2012-02-02 06:41:43",2,2,0,"no",0,0,0,20.451,383,1,0,1,0,7,"small","tgKrCDm9nD"
"spam",1,1,0,0,"2012-02-02 06:52:53",3,3,0,"no",0,0,0,22.436,315,0,0,1,0,1,"small","DUA6Zv5SK0"
"spam",0,1,1,1,"2012-02-02 07:35:58",0,0,0,"no",0,0,0,23.191,678,1,1,0,0,10,"small","mJ8XXtIylE"
"spam",0,1,1,1,"2012-02-02 08:21:05",0,0,0,"no",0,0,0,27.612,817,1,1,0,0,10,"small","fiCW9imYHc"
"spam",0,1,0,0,"2012-02-02 10:48:41",3,3,0,"no",0,0,0,6.279,162,1,1,0,0,0,"small","KJUxzqf96e"
"spam",0,1,0,0,"2012-02-02 19:35:26",0,0,0,"no",0,0,0,11.964,327,1,0,1,0,0,"small","2lAigGm9O7"
"spam",1,1,0,0,"2012-02-02 14:34:29",0,0,0,"no",0,0,0,2.81,42,0,0,1,0,2,"small","w5XG4dOHLA"
"spam",0,1,0,1,"2012-02-02 11:39:27",0,0,0,"no",0,0,0,1.139,63,0,1,0,0,2,"none","eS4bKQt9NN"
"spam",0,1,0,1,"2012-02-02 17:58:18",0,0,0,"no",0,0,0,4.375,107,1,1,0,0,6,"big","SdR1IZ3izz"
"spam",1,1,2,1,"2012-02-02 21:05:44",0,0,0,"no",0,0,0,1.969,62,1,1,0,0,2,"small","g7tM0IP4Ae"
"spam",0,1,2,1,"2012-02-02 21:20:20",0,0,0,"no",0,0,0,6.857,135,1,1,0,0,10,"big","OkGI7xt85C"
"spam",0,1,0,0,"2012-02-03 02:49:48",0,0,5,"no",0,0,0,0.972,13,0,0,0,0,0,"small","5oWJy4Ivr2"
"spam",0,1,0,0,"2012-02-03 05:59:53",0,0,4,"no",0,0,0,61.721,981,1,0,0,0,1,"small","Q56MotnpqS"
"spam",0,1,0,0,"2012-02-03 02:09:26",0,0,0,"no",0,0,0,9.833,200,1,0,0,0,32,"small","ZDxEDVOn7d"
"spam",0,1,0,0,"2012-02-03 03:26:13",0,0,0,"no",0,0,1,0.978,14,0,0,0,0,0,"small","aTEjmYzEYu"
"spam",1,1,0,0,"2012-02-03 07:21:43",1,2,0,"no",0,0,0,6.433,141,1,0,0,0,1,"small","qPOqZZDp2g"
"spam",0,1,0,0,"2012-02-03 13:30:21",0,0,0,"no",0,0,0,11.827,326,1,0,1,0,0,"small","ApsJ0CNtnj"
"spam",1,1,0,0,"2012-02-03 10:55:18",0,0,0,"no",0,0,0,0.979,24,0,0,0,0,0,"small","wuCn1Gqyfl"
"not_spam",0,1,0,0,"2012-01-16 15:34:21",0,2,0,"no",0,0,0,0.558,23,0,0,0,0,1,"none","o3nWyuhcHy"
"not_spam",0,1,0,0,"2012-01-20 13:25:01",0,0,1,"yes",0,0,0,8.886,189,1,0,1,0,9,"small","A3QQPljN5r"
"not_spam",0,1,0,0,"2012-01-20 20:53:25",0,0,1,"no",1,0,0,1.868,34,0,0,0,0,0,"none","kNcdBakieR"
"not_spam",0,1,0,0,"2012-01-24 08:15:56",0,0,3,"yes",0,0,0,42.793,712,1,0,0,0,2,"big","GBZz86qayJ"
"not_spam",0,1,0,0,"2012-01-24 14:38:40",0,0,0,"no",0,0,0,1.123,32,0,0,0,0,0,"big","7AHrdrpSu5"
"not_spam",0,1,0,0,"2012-01-25 20:23:47",0,0,2,"no",1,0,0,4.079,73,1,0,0,0,1,"small","IIhvosVFwG"
"not_spam",0,0,0,0,"2012-01-25 13:23:05",0,0,2,"no",0,0,0,1.296,37,0,0,0,0,0,"big","ZENX1dHBlH"
"not_spam",0,1,0,0,"2012-01-25 16:27:14",0,2,0,"no",0,0,0,0.459,21,0,0,0,0,0,"none","nDjLxxH9m2"
"not_spam",0,1,0,0,"2012-01-26 03:03:32",0,0,2,"no",0,0,0,1.112,31,0,0,0,0,0,"big","0EEmeKOSwR"
"not_spam",0,1,0,0,"2012-01-26 03:30:24",0,0,0,"no",0,0,0,3.451,46,1,0,0,0,1,"none","nYhJFOTOil"
"not_spam",0,1,0,0,"2012-01-27 08:43:58",0,0,1,"no",0,0,0,0.46,18,0,0,0,0,0,"big","EQCzle3oAw"
"spam",0,1,0,0,"2012-01-27 12:05:06",0,0,0,"yes",0,0,0,0.458,20,0,0,0,0,0,"none","jFyrx5KZjA"
"not_spam",0,1,0,0,"2012-01-31 11:11:14",0,0,7,"no",0,0,0,2.561,15,0,0,1,0,1,"small","a3cVRu7tnm"
"not_spam",0,1,0,0,"2012-01-31 14:56:36",0,0,1,"no",0,0,0,0.262,11,0,0,0,0,0,"big","0hp5RhnZVw"
"not_spam",0,1,0,0,"2012-02-04 06:12:04",0,0,0,"no",0,0,0,1.092,15,1,1,0,0,2,"small","n0d6CXtboF"
"not_spam",0,1,0,0,"2012-02-10 18:05:18",0,0,0,"no",0,0,0,0.859,15,1,0,0,0,1,"small","kZejZaEHuV"
"not_spam",0,1,0,0,"2012-02-10 23:12:57",0,0,0,"no",0,0,0,0.645,10,1,0,0,0,2,"small","BGQZv1skkd"
"not_spam",0,1,0,0,"2012-02-01 03:16:24",0,0,0,"no",0,0,0,3.548,48,1,0,0,0,1,"none","EJBDQK4ANY"
"not_spam",0,1,0,0,"2012-02-03 00:37:09",0,0,0,"no",0,0,0,3.842,2,0,0,0,0,0,"none","uU59HJusBv"
"spam",0,1,0,0,"2012-02-02 22:01:09",0,0,5,"no",0,0,0,0.593,25,0,0,0,0,0,"small","wksSDkNvK1"
"not_spam",0,1,0,0,"2012-02-03 02:10:21",0,0,0,"no",0,0,0,13.021,216,1,0,0,0,0,"small","wz9VK4ksYg"
"spam",0,1,0,1,"2012-02-04 06:40:57",0,0,0,"no",0,0,0,3.348,94,1,1,0,0,2,"big","wHMiGsKaFU"
"spam",0,1,0,1,"2012-02-04 11:37:44",0,0,0,"no",0,0,0,0.177,10,0,0,0,0,0,"none","xaElyEk6tF"
"spam",0,1,0,1,"2012-02-04 12:26:49",0,0,0,"no",0,0,0,2.395,46,1,1,0,0,0,"small","Mwh1kGCwzK"
"spam",0,1,1,1,"2012-02-04 13:35:38",0,0,0,"no",0,0,0,1.938,46,0,1,0,0,1,"small","clymneKGby"
"spam",0,1,0,0,"2012-02-04 15:26:09",0,0,0,"no",0,0,2,10.368,198,1,0,0,0,1,"big","Z8DKzrkR59"
"spam",1,1,0,1,"2012-02-04 15:30:22",0,0,0,"no",0,0,0,0.278,9,0,0,1,0,2,"none","VTdiFEKaoC"
"spam",0,1,0,0,"2012-02-05 08:49:52",0,0,0,"no",0,0,0,33.136,788,1,0,0,0,1,"small","AQqmSTii0Z"
"spam",0,1,0,0,"2012-02-05 10:36:19",0,0,0,"no",0,0,0,25.534,643,1,0,0,0,1,"small","fDNZidFvFp"
"spam",0,1,0,1,"2012-02-05 09:09:27",0,0,0,"no",0,0,0,6.186,185,1,1,0,0,2,"big","55RmtHjwHo"
"spam",0,1,0,1,"2012-02-05 11:39:25",1,1,0,"no",0,0,0,0.166,6,0,0,0,0,0,"none","1O405THY0U"
"spam",0,1,0,0,"2012-02-05 15:13:45",0,0,0,"no",0,0,0,1.68,39,0,0,0,0,1,"none","xEkI1oak4c"
"spam",0,1,0,1,"2012-02-05 13:06:35",0,0,0,"no",0,0,0,0.601,18,1,0,0,0,0,"none","aqkQotrdIB"
"spam",0,1,0,1,"2012-02-05 13:27:58",0,0,0,"no",0,0,0,5.113,113,1,1,0,0,2,"small","BLHb8yJD8z"
"spam",0,1,0,1,"2012-02-05 13:49:44",0,0,0,"no",0,0,0,7.012,183,1,1,0,0,2,"small","PgFobC3pZR"
"spam",0,1,0,0,"2012-02-05 20:25:35",0,0,0,"no",0,0,0,34.868,816,1,0,0,0,1,"small","OwGLNgIMtE"
"spam",0,1,0,0,"2012-02-06 07:49:14",0,0,0,"no",0,0,0,35.379,818,1,0,0,0,1,"small","BESUUuXZrk"
"spam",1,1,0,1,"2012-02-06 08:54:41",0,0,0,"no",0,0,0,0.548,19,0,1,0,0,2,"small","wu6EyC7OMt"
"spam",0,1,0,0,"2012-02-06 13:52:47",0,0,0,"no",0,0,0,25.167,636,1,0,0,0,1,"small","dt4kM2RB8D"
"spam",1,1,0,0,"2012-02-06 14:19:04",0,0,0,"no",0,0,0,0.4,19,0,0,0,0,0,"small","qsYrGEmWsE"
"spam",0,1,0,0,"2012-02-06 14:29:07",0,0,8,"no",0,0,0,100.95,2185,1,0,0,0,23,"small","44tI6VuYhi"
"spam",1,1,0,0,"2012-02-06 17:13:42",0,0,0,"no",0,0,0,1.093,28,1,0,0,0,0,"big","OVmv6sKZRN"
"spam",0,1,0,0,"2012-02-07 08:02:03",0,0,20,"no",1,0,0,17.6,377,1,0,0,0,10,"small","ZPw1b2YVgj"
"spam",0,1,0,0,"2012-02-07 06:47:58",0,0,0,"no",0,0,0,30.815,742,1,0,0,0,1,"small","eSNrGaOF3O"
"spam",0,1,0,1,"2012-02-07 06:50:27",0,0,0,"no",0,0,0,2.34,52,1,1,0,0,0,"small","WyF0iwwMmb"
"spam",1,1,0,0,"2012-02-07 06:49:53",0,0,0,"no",0,0,0,3.662,50,0,0,1,0,1,"small","lh9Kwp5Tmv"
"spam",0,1,0,0,"2012-02-07 07:06:21",0,0,0,"no",0,0,0,2.145,36,1,0,0,0,0,"small","fARdcqnTWX"
"spam",0,1,0,0,"2012-02-07 09:11:15",0,0,0,"no",0,0,0,2.262,57,1,0,0,0,0,"none","qZYle3vV0t"
"spam",0,1,0,0,"2012-02-07 09:15:19",0,0,0,"no",0,0,0,2.061,48,1,0,0,0,0,"none","MhcQwm946K"
"spam",1,1,0,1,"2012-02-07 09:30:24",0,0,0,"no",0,0,0,9.491,144,0,0,0,0,0,"small","om5oEsAAYj"
"spam",0,1,0,1,"2012-02-07 10:18:27",0,0,0,"no",0,0,0,12.275,276,1,1,0,0,4,"big","sUqy5rVhan"
"spam",0,1,0,1,"2012-02-07 10:40:28",0,0,0,"no",0,0,0,13.444,315,1,1,0,0,4,"big","kpCfSFLaHB"
"spam",1,1,0,0,"2012-02-07 10:36:49",0,0,0,"no",0,0,0,10.767,248,1,0,0,0,5,"big","4s8xecPBy4"
"spam",0,1,0,0,"2012-02-07 11:04:47",0,0,0,"no",0,0,0,33.672,795,1,0,0,0,1,"small","PdnEmetn8B"
"spam",0,1,0,0,"2012-02-07 17:24:23",0,1,0,"no",0,0,0,12.667,147,1,0,0,0,1,"small","ChIXqNQEzE"
"spam",0,1,0,0,"2012-02-07 12:42:12",0,0,4,"no",0,0,0,10.802,162,1,0,1,0,22,"small","jmGewZkpby"
"spam",0,1,0,0,"2012-02-07 14:05:38",0,0,0,"no",0,0,0,2.165,52,0,0,0,0,2,"small","5zcCgLxF8y"
"spam",0,1,0,0,"2012-02-07 18:56:35",0,0,0,"no",0,0,2,103.749,1822,1,0,0,0,157,"big","4PreYZ5QDf"
"spam",0,1,0,0,"2012-02-07 20:52:20",0,0,0,"no",0,0,0,3.974,92,1,1,0,0,0,"small","eGGKXx3MOV"
"spam",0,1,0,0,"2012-02-07 18:29:35",0,0,0,"no",0,0,0,29.059,586,1,0,0,0,0,"small","qd8ne53yon"
"spam",0,1,0,0,"2012-02-08 10:56:40",0,0,0,"no",0,0,0,18.951,315,1,0,0,0,15,"small","k8BClKqwKo"
"spam",0,1,0,1,"2012-02-08 06:17:03",0,0,0,"no",0,0,0,0.558,17,1,1,0,0,2,"small","P0HCIbVQBc"
"spam",0,1,0,1,"2012-02-08 08:37:58",2,2,0,"no",0,0,0,1.992,61,1,1,0,0,0,"small","Zkh0BOlEjS"
"spam",0,1,0,0,"2012-02-08 11:17:43",0,0,1,"no",0,0,0,23.807,408,1,0,0,0,31,"small","MpTKmb1I7u"
"spam",0,1,0,1,"2012-02-08 11:59:31",0,0,0,"no",0,0,0,4.533,115,1,1,0,0,0,"small","3bBjbmEebB"
"spam",0,1,0,0,"2012-02-08 11:35:04",0,0,17,"no",0,0,0,44.774,880,1,0,0,0,10,"small","gFsLZteQX0"
"spam",0,1,0,0,"2012-02-08 12:49:07",0,0,0,"no",0,0,0,20.097,518,1,0,0,0,46,"small","ur0TjZiaz5"
"spam",1,1,0,0,"2012-02-08 13:30:38",0,0,0,"no",0,0,0,6.061,89,0,0,0,0,0,"small","1ytWCUTzcG"
"spam",0,1,0,0,"2012-02-08 11:03:32",0,0,0,"no",0,0,0,1.716,37,0,1,0,0,0,"small","1UdQoBFTcL"
"spam",0,1,2,0,"2012-02-08 11:52:43",0,0,0,"no",0,0,0,7.925,215,0,1,0,0,1,"small","68f7m5cwlV"
"spam",1,1,0,0,"2012-02-08 12:59:55",0,0,0,"no",0,0,0,39.805,499,0,1,0,0,0,"big","MDKKYCvL0d"
"spam",0,1,0,0,"2012-02-08 15:05:12",0,0,7,"no",0,0,0,31.523,751,1,0,0,0,1,"small","38mUJivnlY"
"spam",0,1,0,1,"2012-02-08 16:37:30",0,0,14,"no",0,0,0,26.684,682,1,1,0,0,2,"big","cwwdDllFwD"
"spam",0,1,0,0,"2012-02-08 17:11:43",0,0,4,"no",0,0,0,3.097,63,1,0,0,0,0,"small","uegjs9ofpF"
"spam",0,1,0,0,"2012-02-08 17:21:09",0,0,4,"no",0,0,0,3.097,63,1,0,0,0,0,"small","mH3DqcUiws"
"spam",0,1,0,0,"2012-02-08 17:23:23",0,0,7,"no",0,0,0,37.963,870,1,0,0,0,1,"small","RjoxzS78oD"
"spam",0,1,0,0,"2012-02-08 17:38:58",0,0,4,"no",0,0,0,3.111,65,1,0,0,0,0,"small","kgwCwkiAoK"
"spam",0,1,0,0,"2012-02-08 17:56:02",0,0,4,"no",0,0,0,3.109,63,1,0,0,0,0,"small","f9unflOazb"
"spam",0,1,0,1,"2012-02-08 21:04:21",0,0,0,"no",0,0,0,13.925,349,1,1,0,0,0,"small","LOAnEXphcI"
"spam",0,1,0,0,"2012-02-09 08:03:17",0,0,12,"no",1,0,0,11.665,266,1,0,0,0,7,"small","MuZPi93rrD"
"spam",0,1,0,1,"2012-02-09 05:38:29",0,0,0,"no",0,0,0,2.23,65,1,1,0,0,0,"small","EbGHOcHW1I"
"spam",0,1,0,1,"2012-02-09 05:48:33",0,0,0,"no",0,0,0,1.443,33,1,0,1,0,0,"small","iKLDE7qfQV"
"spam",1,1,0,1,"2012-02-09 05:47:07",0,2,0,"no",0,0,0,11.958,178,0,0,0,0,0,"big","k5AaY6txAr"
"spam",0,1,0,1,"2012-02-09 05:51:43",0,0,0,"no",0,0,0,5.259,140,1,1,0,0,8,"small","SLzjsIAODK"
"spam",1,1,0,0,"2012-02-09 06:42:53",0,0,0,"no",0,0,0,9.178,127,0,0,0,0,0,"small","RosQruzNqQ"
"spam",0,1,2,0,"2012-02-09 07:33:41",0,0,0,"no",0,0,0,4.341,93,1,0,0,0,2,"small","59liDNOu5P"
"spam",0,1,0,0,"2012-02-09 08:33:12",0,0,7,"no",0,0,0,46.466,1027,1,0,0,0,1,"small","7UvwPdnFKP"
"spam",0,1,0,0,"2012-02-09 16:51:14",0,0,6,"yes",0,0,0,14.513,208,1,0,0,0,10,"small","dnDKpT4GcI"
"spam",0,1,0,0,"2012-02-10 08:01:20",0,0,24,"no",1,0,0,20.469,432,1,0,0,0,11,"small","XDTmgDQjKg"
"spam",1,1,0,0,"2012-02-10 04:29:17",0,0,0,"no",0,0,0,36.499,460,0,0,0,0,0,"big","hPe9VbGJPk"
"spam",0,1,0,0,"2012-02-10 04:37:19",0,0,0,"no",0,0,0,26.038,651,1,0,0,0,1,"small","wlQGnJdETF"
"spam",0,1,0,1,"2012-02-10 05:34:29",0,0,0,"no",0,0,0,0.072,6,0,1,0,0,2,"none","ktFJmXfzix"
"spam",0,1,0,1,"2012-02-10 08:56:49",0,0,0,"no",0,0,0,5.504,102,1,1,0,0,0,"small","436weilzA3"
"spam",0,1,0,1,"2012-02-10 11:43:24",0,0,0,"no",0,0,0,2.286,60,1,1,0,0,4,"small","HkRPZmXjoj"
"spam",0,1,0,1,"2012-02-10 11:47:08",0,0,0,"no",0,0,0,13.337,256,1,1,0,0,0,"small","tpTXZXy4L3"
"spam",1,1,0,0,"2012-02-10 13:25:20",0,0,0,"no",0,0,0,7.767,150,1,0,0,0,2,"big","K0jCjX8pIT"
"spam",0,1,0,0,"2012-02-11 13:45:19",0,0,27,"no",0,0,0,19.133,701,1,0,0,0,3,"small","TNb1HR1DnO"
"spam",0,1,0,0,"2012-02-11 20:47:57",0,0,15,"no",0,0,0,17.7,398,1,0,1,0,2,"small","NAptPFQ7t2"
"spam",0,1,2,1,"2012-02-11 17:32:33",0,0,0,"no",0,0,0,0.723,15,0,1,0,0,0,"small","Dw4XdBTAFz"
"spam",0,1,0,0,"2012-02-11 22:50:11",0,0,0,"no",0,0,0,24.835,630,1,0,0,0,1,"small","yJHjROyL3c"
"spam",0,1,0,0,"2012-02-11 23:02:52",0,0,0,"no",0,0,0,24.947,632,1,0,0,0,1,"small","X760Pa62Gl"
"spam",0,1,0,0,"2012-02-12 06:13:16",0,0,0,"no",0,0,0,8.577,119,1,0,0,0,1,"small","2rag4g1BAk"
"spam",0,1,0,0,"2012-02-12 07:36:51",0,0,0,"no",0,0,0,25.926,649,1,0,1,0,4,"small","PSbZ5uGijv"
"spam",0,1,0,1,"2012-02-12 12:14:05",0,0,0,"no",0,0,0,4.177,103,1,1,0,0,4,"small","Vhq6smiRNE"
"spam",0,1,0,0,"2012-02-12 15:44:59",0,0,0,"no",0,0,0,26.093,651,1,0,0,0,1,"small","7pwV79p013"
"spam",0,1,0,0,"2012-02-12 20:11:30",0,0,0,"no",0,0,0,31.462,753,1,0,0,0,1,"small","ToiQKWFxMx"
"spam",0,1,0,0,"2012-02-12 20:24:08",0,0,0,"no",0,0,0,33.004,778,1,0,0,0,1,"small","gCMy5Lk0vW"
"spam",0,1,0,0,"2012-02-13 08:05:19",0,0,12,"no",1,0,0,12.116,270,1,0,0,0,7,"small","g5snGPAc7y"
"spam",0,1,6,0,"2012-02-07 18:29:02",0,0,0,"no",0,0,0,7.449,199,1,1,0,0,5,"small","3R1Gr4iueW"
"spam",1,1,0,0,"2012-02-08 07:11:12",0,0,0,"no",0,0,0,3.1,72,0,1,0,0,0,"small","gt3CvXOGf9"
"spam",1,1,0,0,"2012-02-08 13:05:58",0,0,0,"no",0,0,0,3.503,81,0,1,0,0,0,"small","DfX35veS7E"
"spam",0,1,0,1,"2012-02-10 12:15:49",0,0,0,"no",0,0,0,12.151,348,1,1,0,0,10,"small","useKAhP1wx"
"spam",1,1,0,1,"2012-02-13 05:40:00",0,0,0,"no",0,0,0,1.176,28,0,0,0,0,0,"small","wZRJnguIho"
"spam",1,1,0,0,"2012-02-13 07:28:18",0,0,0,"no",0,0,0,33.828,437,0,0,0,0,0,"small","oTAqA0SScF"
"spam",1,1,1,0,"2012-02-13 09:13:24",0,0,0,"no",0,0,0,0.829,31,0,1,0,0,0,"small","3VsGQAfuou"
"spam",0,1,0,0,"2012-02-13 10:37:51",0,0,0,"no",0,0,0,25.739,646,1,0,0,0,1,"small","3I7Y4DC4ui"
"spam",0,1,0,1,"2012-02-13 11:30:41",0,0,0,"no",0,0,0,0.266,11,0,0,0,0,4,"none","rdusnEJUqP"
"spam",0,1,0,0,"2012-02-13 22:01:27",0,0,0,"no",0,0,0,10.761,299,1,0,1,0,0,"small","ra4IJIwiBU"
"spam",0,1,0,0,"2012-02-13 18:21:33",0,0,0,"no",0,0,0,24.957,632,1,0,0,0,1,"small","QO4zCPctXg"
"spam",0,1,0,0,"2012-02-13 19:46:37",0,0,0,"no",0,0,0,25.2,636,1,0,0,0,2,"small","yR71rgdBqX"
"spam",0,1,0,0,"2012-02-13 20:00:29",0,0,0,"no",0,0,0,10.486,234,1,0,0,0,2,"big","l0vn1vOqRG"
"spam",0,1,0,1,"2012-02-13 19:33:09",0,0,0,"no",0,0,0,1.028,22,1,0,0,0,0,"none","wlOBcjejfP"
"spam",0,1,0,0,"2012-02-14 05:43:48",0,0,0,"no",0,0,2,25.209,725,1,0,0,0,2,"small","g9Mi4awx2R"
"spam",0,1,0,0,"2012-02-14 06:48:15",0,0,0,"no",0,0,0,14.043,255,1,0,0,0,2,"small","1Gbs2JKZhI"
"spam",0,1,1,0,"2012-02-14 08:08:03",0,0,0,"no",0,0,0,10.081,214,1,1,0,0,0,"big","Y8XBLM44NU"
"spam",0,1,0,0,"2012-02-14 10:07:19",0,0,0,"no",0,0,0,24.54,624,1,0,0,0,1,"small","TGBvAMdg7Z"
"spam",0,1,0,0,"2012-02-14 11:59:42",0,0,0,"no",0,0,0,5.569,95,1,0,0,0,9,"small","v1TbuHGg4t"
"spam",0,1,0,0,"2012-02-14 17:27:39",0,1,0,"no",0,0,0,12.29,139,1,0,0,0,0,"small","Bqw6x7km5z"
"spam",0,1,0,0,"2012-02-14 18:46:20",3,6,0,"no",0,0,0,19.997,452,1,0,0,0,29,"small","L3Lp59mjvq"
"spam",0,1,0,1,"2012-02-14 13:46:48",0,0,0,"no",0,0,0,1.881,26,1,1,0,0,0,"small","aa7lR6OzAl"
"spam",0,1,1,0,"2012-02-14 18:13:15",0,0,1,"no",0,0,0,7.714,138,1,1,0,0,2,"small","sNVlyE2CRz"
"spam",0,1,0,0,"2012-02-14 18:28:42",0,0,12,"no",0,0,0,17.778,188,1,0,1,0,16,"small","U5aiFDn8UY"
"spam",0,1,0,0,"2012-02-15 00:57:18",0,0,0,"no",0,0,0,19.985,424,1,0,0,0,15,"big","cbyrZ5Kngv"
"spam",0,1,1,1,"2012-02-15 06:57:01",0,0,4,"no",0,0,0,11.743,347,1,1,0,0,4,"big","EzS3ZAmyrG"
"spam",0,1,0,0,"2012-02-15 08:06:45",0,0,4,"yes",0,0,0,7.661,92,1,0,0,0,0,"small","CvuxFpgMp4"
"spam",1,1,1,0,"2012-02-15 05:34:41",0,0,2,"no",0,0,0,11.63,175,1,1,0,0,2,"small","brchafB9xm"
"spam",0,1,0,1,"2012-02-15 08:50:49",0,0,0,"no",0,0,0,3.859,82,1,1,0,0,6,"small","NSZhqoMVid"
"spam",0,1,0,1,"2012-02-15 08:18:05",0,0,6,"no",0,0,0,46.305,1345,1,0,0,0,38,"big","QWkrAwUubh"
"spam",0,1,0,0,"2012-02-15 07:55:06",0,0,1,"no",0,0,0,9.089,152,1,0,0,0,0,"small","0iPIWjf22C"
"spam",1,1,1,0,"2012-02-15 10:51:45",0,0,0,"no",0,0,0,13.176,184,0,1,0,0,1,"small","03lYpPMnll"
"spam",1,1,0,0,"2012-02-15 11:03:38",0,0,0,"no",0,0,0,12.974,168,0,0,0,0,0,"small","A9bcBtp2TL"
"spam",0,1,0,0,"2012-02-15 13:38:13",0,0,1,"no",0,0,0,29.379,711,1,0,0,0,2,"small","QuBe92kXg6"
"spam",0,1,0,0,"2012-02-15 14:42:07",0,0,10,"no",0,0,0,13.975,166,1,0,1,0,10,"small","LGafVuQe61"
"spam",0,1,0,0,"2012-02-15 20:53:19",0,0,0,"no",0,0,0,26.807,664,1,0,0,0,1,"small","cdE8HHlkGG"
"spam",0,1,0,0,"2012-02-15 21:50:15",0,0,0,"no",0,0,0,26.158,652,1,0,0,0,1,"small","xqdIUSU2yE"
"spam",0,1,0,0,"2012-02-16 05:48:45",0,0,0,"no",0,0,0,3.72,84,1,0,0,0,0,"small","gB8L7sMwYv"
"spam",0,1,0,0,"2012-02-16 05:57:40",0,3,0,"no",0,0,0,2.342,63,1,0,0,0,0,"small","NUHBfjVdVP"
"spam",0,1,0,0,"2012-02-16 07:47:29",0,0,0,"no",0,0,0,4.266,78,1,0,1,0,2,"small","NcLupgIiDg"
"spam",0,1,0,1,"2012-02-16 08:00:34",0,0,0,"no",0,0,0,0.458,14,1,1,0,0,2,"small","VdtHvTFO6W"
"spam",0,1,0,0,"2012-02-16 09:03:36",0,0,0,"no",0,0,0,0.517,20,1,0,0,0,2,"none","LrWlYz1Arp"
"spam",1,1,0,1,"2012-02-16 09:26:14",0,0,0,"no",0,0,0,1.132,24,1,0,0,0,0,"none","BROySnfB1w"
"spam",0,1,0,0,"2012-02-16 10:33:09",0,0,0,"no",0,0,0,11.002,209,1,0,0,0,5,"small","KXwBJAvkQd"
"spam",0,1,0,0,"2012-02-17 05:55:06",0,0,1,"no",0,0,0,38.726,513,1,0,0,0,12,"small","7SfAlyp0fv"
"spam",0,1,0,1,"2012-02-17 08:00:26",0,0,0,"no",0,0,2,10.81,295,1,0,0,0,9,"big","i1KdwSCavb"
"spam",1,1,0,0,"2012-02-17 07:11:27",0,0,0,"no",0,0,0,7.183,254,1,1,0,0,17,"big","1aQQBELWBY"
"spam",0,1,0,0,"2012-02-17 08:56:50",0,0,0,"no",0,0,0,24.482,623,1,0,0,0,1,"small","4ExIYtaxwL"
"spam",0,1,0,0,"2012-02-17 10:34:16",0,0,0,"no",0,0,0,25.907,650,1,0,0,0,1,"small","xHXIwNTtoB"
"spam",1,1,0,1,"2012-02-17 09:55:28",0,0,0,"no",0,0,0,3.592,91,1,1,0,0,10,"small","Hu14R75FdV"
"spam",0,1,0,0,"2012-02-17 11:41:17",0,0,0,"no",0,0,0,25.354,638,1,0,0,0,1,"small","c9BoyzD80p"
"spam",0,1,0,0,"2012-02-18 05:23:51",0,0,0,"no",0,0,0,2.432,55,1,0,0,0,6,"none","xPAOQNREj2"
"spam",0,1,0,0,"2012-02-19 01:27:00",0,0,0,"no",0,0,0,9.603,196,1,0,0,0,31,"small","yMxrGuRsFF"
"spam",0,1,0,1,"2012-02-19 11:06:51",0,0,4,"no",0,0,0,8.12,208,1,1,0,0,10,"small","94A4UQ77gR"
"spam",0,1,0,0,"2012-02-19 22:05:24",0,0,0,"no",0,0,0,24.751,630,1,0,0,0,2,"small","A4azGM5jA9"
"spam",0,1,0,1,"2012-02-20 08:38:02",0,0,0,"no",0,0,0,2.855,63,1,1,0,0,0,"small","UeMxu7iQtU"
"spam",0,1,0,0,"2012-02-20 09:30:51",0,0,0,"no",0,0,0,24.681,626,1,0,0,0,1,"small","XfwCTlHZkb"
"spam",0,1,4,1,"2012-02-20 09:32:31",0,0,0,"no",0,0,0,15.588,390,1,1,0,0,6,"big","Ta02Jn4JXi"
"spam",0,1,0,0,"2012-02-20 10:29:20",0,0,0,"no",0,0,0,26.175,656,1,0,0,0,1,"small","mNffWooj4P"
"spam",0,1,0,0,"2012-02-20 10:41:08",0,0,2,"no",0,0,0,24.904,632,1,0,0,0,1,"small","aJMzjDTEi2"
"spam",0,1,0,0,"2012-02-20 11:45:20",0,0,0,"no",0,0,0,2.375,50,0,1,0,0,0,"small","uLKOqkwUfo"
"spam",0,1,0,0,"2012-02-20 12:34:17",0,0,0,"no",0,0,0,29.098,704,1,0,0,0,1,"small","7WtxGq3t04"
"spam",0,1,1,1,"2012-02-20 16:40:58",0,0,0,"no",0,0,0,10.103,279,1,1,0,0,8,"small","MEuOpg9124"
"spam",0,1,0,0,"2012-02-20 19:04:13",0,0,0,"no",0,0,0,0.693,25,1,0,0,0,2,"small","Gl4iwZcR3U"
"spam",1,1,0,0,"2012-02-17 14:11:42",0,0,0,"no",0,0,0,7.485,89,0,0,0,0,0,"small","j5fx41BML2"
"spam",0,1,0,1,"2012-02-21 07:32:24",0,0,0,"no",0,0,0,2.928,79,1,1,0,0,4,"small","p5YnugYPkv"
"spam",0,1,0,0,"2012-02-21 07:43:32",0,0,0,"no",0,0,0,2.984,28,1,0,0,0,3,"small","7AXl0IdSrW"
"spam",0,1,0,0,"2012-02-21 09:01:08",0,0,0,"no",0,0,0,24.58,626,1,0,0,0,1,"small","bO2sSeuyKk"
"spam",1,1,0,0,"2012-02-21 08:55:32",1,2,0,"no",0,0,0,1.888,35,0,0,0,0,0,"none","KA0xM3e2VQ"
"spam",0,1,1,1,"2012-02-21 11:27:12",0,0,0,"no",0,0,0,16.51,428,1,1,0,0,10,"small","9XCJU0QtTB"
"spam",0,1,0,1,"2012-02-06 09:56:02",0,0,0,"no",0,0,0,11.78,348,1,1,0,0,8,"small","fmlL6rRyPx"
"spam",0,1,0,1,"2012-02-07 14:41:52",0,0,0,"no",0,0,0,5.506,170,1,1,0,0,14,"small","siP4FejMG4"
"spam",0,1,0,1,"2012-02-10 03:03:16",0,0,0,"no",0,0,0,1.225,45,0,1,0,0,0,"small","a3QHjS2MLu"
"spam",1,1,0,1,"2012-02-10 11:18:32",0,0,0,"no",0,0,0,5.462,122,1,0,0,0,5,"small","BpO9nWPvxJ"
"spam",0,1,0,0,"2012-02-13 08:21:17",0,0,0,"no",0,0,0,5.895,148,1,0,0,0,9,"small","fItWkVPk0T"
"spam",0,1,1,0,"2012-02-13 14:28:15",0,0,0,"no",0,0,0,11.151,276,1,1,0,0,13,"small","rTp94fmxxV"
"spam",0,1,1,0,"2012-02-14 06:19:22",0,0,0,"no",0,0,0,15.586,376,1,1,0,0,13,"small","VWrYc2NmxL"
"spam",0,1,0,1,"2012-02-14 10:24:36",0,0,0,"no",0,0,0,14.42,417,1,1,0,0,10,"small","Uh2FHy448I"
"spam",1,1,1,0,"2012-02-21 13:24:39",0,0,0,"no",0,0,0,0.661,12,0,0,0,0,0,"none","iDZOKFg7GB"
"spam",1,1,0,0,"2012-02-21 13:30:24",0,0,0,"no",0,0,2,1.982,49,0,0,0,0,0,"none","n0S2870ads"
"spam",1,1,0,0,"2012-02-21 13:30:31",0,1,0,"no",0,0,0,1.275,23,0,0,0,0,0,"none","txhY2D5rAX"
"spam",1,1,0,0,"2012-02-21 15:02:45",0,0,0,"no",0,0,0,12.987,168,0,0,0,0,0,"small","XWu0YYYHxh"
"spam",0,1,6,1,"2012-02-21 14:55:08",1,1,0,"no",0,0,0,30.279,983,1,1,0,0,31,"big","JREARwXM3t"
"spam",0,1,0,0,"2012-02-22 08:03:22",0,0,20,"no",1,0,0,23.612,455,1,0,0,0,25,"small","XyyQW07kmc"
"spam",1,1,0,1,"2012-02-22 05:55:40",0,0,2,"no",0,0,0,31.398,652,1,0,0,0,5,"small","M9p63jjnIm"
"spam",0,1,0,0,"2012-02-22 08:02:01",1,1,0,"no",0,0,0,16.28,396,1,0,0,0,9,"small","DdvBCV2NaQ"
"spam",0,1,0,1,"2012-02-22 13:31:47",0,0,0,"no",0,0,2,24.474,601,1,1,0,0,6,"small","ZU6MqpNonM"
"spam",0,1,0,1,"2012-02-22 09:26:58",0,0,0,"no",0,0,0,0.286,11,0,0,0,0,4,"none","4vWMvXpBVf"
"spam",0,1,0,1,"2012-02-22 11:35:43",0,0,0,"no",0,0,0,0.325,10,1,0,0,0,0,"none","8lcZBv8OKu"
"spam",0,1,0,1,"2012-02-22 13:32:26",0,0,0,"no",0,0,0,1.524,48,1,1,0,0,2,"small","YOzyYb6eKQ"
"spam",0,1,1,1,"2012-02-22 10:37:10",0,0,0,"no",0,0,0,22.189,699,1,1,0,0,16,"small","jFacXIK0KZ"
"spam",0,1,0,0,"2012-02-22 10:41:51",0,0,0,"no",0,0,5,1.222,35,0,0,0,0,1,"none","FfudP9571a"
"spam",0,1,0,1,"2012-02-22 18:56:09",0,0,0,"no",0,0,0,11.545,325,1,1,0,0,5,"small","bdHUzJBKgQ"
"spam",0,1,0,0,"2012-02-22 19:09:43",0,0,0,"no",0,0,0,3.89,100,1,0,0,0,2,"small","bgastzIcsm"
"spam",0,1,0,0,"2012-02-22 21:30:25",0,0,6,"no",0,0,0,11.542,165,1,0,1,0,12,"small","dohmFmFuD5"
"spam",0,1,0,0,"2012-02-23 05:09:41",0,0,0,"no",0,0,0,7.484,185,1,0,0,0,0,"small","PV89tvNAV2"
"spam",0,1,0,0,"2012-02-23 08:00:51",0,0,22,"no",1,0,0,23.277,457,1,0,0,0,25,"small","JLnihQmPau"
"spam",1,1,0,0,"2012-02-23 07:59:59",0,0,0,"no",0,0,0,0.982,22,0,0,1,0,0,"small","2mPJcVhiGH"
"spam",0,1,0,1,"2012-02-23 08:26:22",0,0,0,"no",0,0,0,0.209,9,1,0,0,0,0,"none","n43BZHYobt"
"spam",0,1,1,0,"2012-02-23 09:02:00",0,0,0,"no",0,0,0,3.814,69,0,1,0,0,0,"small","oFyVacV10w"
"spam",0,1,0,0,"2012-02-23 11:14:56",0,0,0,"no",0,0,0,0.961,32,0,1,0,0,1,"small","YXewL1Qr8n"
"spam",0,1,0,0,"2012-02-23 10:12:30",0,0,0,"no",0,0,0,3.831,101,1,0,0,0,1,"small","GKupjSs1E0"
"spam",1,1,0,0,"2012-02-23 14:21:30",0,0,0,"no",0,0,0,3.233,48,0,0,1,0,2,"small","AdYwr2aQhz"
"spam",0,1,0,1,"2012-02-23 18:35:19",0,0,0,"no",0,0,0,1.426,40,0,0,0,0,2,"small","1XGEk4Q5r5"
"spam",0,1,0,0,"2012-02-24 06:13:05",0,0,0,"no",0,0,0,79.415,1167,1,0,0,0,1,"small","LbWd7wBiSL"
"spam",0,1,0,0,"2012-02-24 02:04:10",0,0,0,"no",0,0,0,9.803,200,1,0,0,0,32,"small","7f3I3UsQH2"
"spam",0,1,0,0,"2012-02-24 06:26:30",0,0,0,"no",0,0,0,33.953,794,1,0,0,0,1,"small","7SgabCbbVJ"
"spam",0,1,0,0,"2012-02-24 05:57:10",0,0,0,"no",0,0,0,7.55,126,1,0,0,0,1,"small","T50WzBEjlA"
"spam",0,1,0,0,"2012-02-24 07:54:10",1,1,0,"no",0,0,0,13.45,258,1,0,0,0,0,"big","PbutGPIi0c"
"spam",0,1,0,1,"2012-02-24 11:41:53",0,0,0,"no",0,0,0,2.161,60,1,1,0,0,6,"small","UctF0UOkJH"
"spam",0,1,1,0,"2012-02-24 11:44:29",0,0,0,"no",0,0,0,22.091,569,1,1,0,0,12,"big","NhcFSvhOT8"
"spam",0,1,0,0,"2012-02-24 11:48:03",0,0,0,"no",0,0,0,2.851,70,1,0,0,0,0,"big","JOPvzGgXwo"
"spam",0,1,0,0,"2012-02-24 15:18:35",0,0,0,"no",0,0,0,25.293,637,1,0,0,0,1,"small","LlON40lNWV"
"spam",0,1,0,0,"2012-02-24 20:40:46",0,0,0,"no",0,0,4,11.345,169,1,0,0,0,5,"small","nA7UT7oxtK"
"spam",0,1,0,0,"2012-02-24 20:08:59",0,0,0,"no",0,0,0,8.365,17,1,0,0,0,6,"small","Ck4XUnlVMC"
"spam",0,1,0,0,"2012-02-25 00:17:58",0,0,0,"no",0,0,0,1.937,50,1,0,0,0,0,"none","JpOZmKJzIP"
"spam",0,1,0,1,"2012-02-25 08:52:45",0,0,0,"no",0,0,0,2.722,44,1,1,0,0,8,"big","poy5v3jDxK"
"spam",0,1,0,0,"2012-02-25 10:27:13",0,0,0,"no",0,0,0,29.104,705,1,0,0,0,1,"small","EkbtAjhtDA"
"spam",0,1,0,0,"2012-02-26 08:02:24",0,0,12,"no",1,0,0,14.198,300,1,0,0,0,13,"small","m1fTQ8ZLb2"
"spam",0,1,0,0,"2012-02-26 01:21:09",0,0,0,"no",0,0,0,9.639,196,1,0,0,0,31,"small","4mk3e6yhzL"
"spam",0,1,0,0,"2012-02-26 05:22:16",0,0,0,"no",0,0,0,5.342,94,1,0,0,0,3,"small","g4dYFniRKU"
"spam",0,1,0,0,"2012-02-26 16:05:56",0,0,0,"no",0,0,0,0.361,13,0,0,0,0,0,"none","oaSJCidePP"
"spam",0,1,0,0,"2012-02-27 05:08:34",0,0,0,"no",0,0,0,4.507,104,1,0,0,0,0,"small","oWsKo3SXaf"
"spam",0,1,0,0,"2012-02-27 08:04:50",0,0,16,"no",1,0,0,20.214,404,1,0,0,0,21,"small","LHGAQYQOsQ"
"spam",1,1,1,1,"2012-02-27 04:19:17",0,0,0,"no",0,0,0,0.979,27,0,1,0,0,3,"small","CncliXAH3u"
"spam",0,1,0,0,"2012-02-27 05:35:54",0,0,2,"no",0,0,0,0.984,50,0,0,0,0,1,"big","d5M5rA51Zz"
"spam",1,1,0,0,"2012-02-27 13:22:58",0,0,0,"no",0,0,0,13.594,240,1,0,0,0,6,"small","wMb5MWIaDv"
"spam",1,1,0,1,"2012-02-27 08:40:45",0,0,1,"no",0,0,0,38.668,505,0,0,0,0,0,"small","XZksQZFVtY"
"spam",1,1,0,0,"2012-02-27 09:12:58",0,0,0,"no",0,0,0,2.934,36,0,0,0,0,0,"small","32ALrWoIct"
"spam",1,1,0,0,"2012-02-27 09:46:13",0,0,0,"no",0,0,0,3.285,50,0,0,0,0,2,"small","37lR8vyMDQ"
"spam",0,1,0,0,"2012-02-27 12:17:14",0,0,4,"no",0,0,0,28.759,699,1,0,0,0,4,"small","zsGIWLPUrc"
"spam",0,1,0,0,"2012-02-27 12:26:09",0,0,4,"no",0,0,0,15.757,351,1,0,0,0,2,"big","IXdTi56T8A"
"spam",0,1,0,1,"2012-02-27 13:52:55",0,0,0,"no",0,0,0,0.23,9,1,0,0,0,0,"none","yOKcVPCabr"
"spam",0,1,0,0,"2012-02-27 21:42:23",0,0,0,"no",0,0,0,3.188,80,1,0,0,0,4,"small","LF2qlrrGqW"
"spam",1,1,0,1,"2012-02-27 16:34:08",0,0,0,"no",0,0,0,0.58,16,0,0,0,0,1,"small","AXx93j9aXq"
"spam",0,1,0,1,"2012-02-27 18:49:46",0,0,0,"no",0,0,0,1.008,20,1,1,0,0,0,"small","FYVxfS2LZy"
"spam",0,1,0,0,"2012-02-28 04:00:04",0,0,0,"no",0,0,0,3.566,96,1,0,0,0,1,"small","1F8BaE2B0h"
"spam",1,1,0,0,"2012-02-28 08:00:12",0,0,0,"no",0,0,0,0.298,12,0,0,1,0,0,"small","cofRS7G4bO"
"spam",0,1,0,0,"2012-02-28 17:42:12",0,1,0,"no",0,0,0,14.64,176,1,0,0,0,0,"small","YYUvpYxH1q"
"spam",0,1,0,0,"2012-02-28 13:08:33",0,0,0,"no",0,0,0,25.361,638,1,0,0,0,1,"small","j1rVifNSK3"
"spam",0,1,0,0,"2012-02-28 13:09:03",0,0,0,"no",0,0,0,25.056,633,1,0,0,0,1,"small","6qOOquwoz6"
"spam",0,1,0,1,"2012-02-28 15:35:58",0,0,0,"no",0,0,0,0.137,6,0,1,0,0,0,"small","quJrvvKWyb"
"spam",0,1,0,0,"2012-02-29 05:59:20",0,0,2,"no",0,0,0,25.263,338,1,0,1,0,10,"small","F9Aks8uuYV"
"spam",0,1,0,0,"2012-02-29 03:45:00",0,0,0,"no",0,0,0,7.944,135,1,0,0,0,1,"small","D4AdHcCXwN"
"spam",0,1,0,0,"2012-02-29 12:19:00",0,0,0,"no",0,0,0,7.979,174,1,0,1,0,8,"small","G7l0NczNu3"
"spam",0,1,0,0,"2012-02-29 13:04:19",0,0,0,"no",0,0,0,0.542,14,0,0,1,0,0,"small","rK3ixABzSf"
"spam",0,1,1,1,"2012-02-06 16:25:27",0,0,0,"no",0,0,0,58.895,1804,0,1,0,0,3,"small","BqdNWY2hOD"
"spam",0,1,1,1,"2012-02-23 19:18:58",0,0,0,"no",0,0,0,1.644,42,0,1,0,0,0,"small","v7U2pPhly6"
"not_spam",0,1,0,0,"2012-02-03 01:24:09",0,0,5,"no",0,0,0,1.072,32,0,0,0,0,0,"big","pRI6XbpiR9"
"not_spam",0,1,0,0,"2012-02-04 14:29:15",0,0,0,"no",0,0,0,0.991,30,1,0,0,0,1,"small","VaSHzqsdLu"
"not_spam",0,1,0,0,"2012-02-06 22:55:08",0,0,0,"no",0,0,0,2.311,59,1,0,0,0,1,"small","HmpkEzkoGf"
"not_spam",0,1,0,0,"2012-02-06 17:15:12",0,0,2,"no",0,0,0,3.261,50,1,0,0,0,0,"small","sNCgx6JtwQ"
"not_spam",1,1,0,0,"2012-02-08 18:22:46",0,2,2,"no",0,0,0,0.451,24,0,0,0,0,2,"small","IT0ogsgHOC"
"not_spam",0,1,0,0,"2012-02-09 01:32:51",0,0,0,"no",0,0,0,0.696,20,0,0,0,0,1,"small","zuMvpdFDdl"
"not_spam",0,1,0,0,"2012-02-08 09:01:51",0,0,0,"yes",0,0,1,3.208,48,0,0,0,0,2,"big","nw7ONEPWJs"
"not_spam",1,1,0,0,"2012-02-10 02:08:31",0,2,0,"no",0,0,0,0.424,22,0,0,0,0,0,"none","34PrV2uYy1"
"not_spam",0,1,0,0,"2012-02-09 00:16:17",0,0,2,"no",0,0,0,0.9,23,0,0,0,0,0,"small","B1ozlbdvV7"
"not_spam",0,1,0,0,"2012-02-10 09:28:32",0,0,0,"no",0,0,0,0.327,14,0,0,0,0,1,"small","rvBFN6ZJRR"
"not_spam",0,1,0,0,"2012-02-14 21:18:09",0,0,7,"no",0,0,0,2.561,15,0,0,1,0,1,"small","qv7cQQYsqo"
"not_spam",0,1,0,0,"2012-02-16 07:12:03",0,0,2,"no",0,0,0,0.67,17,0,0,1,0,0,"small","boFv8hAjxk"
"not_spam",0,1,0,0,"2012-02-16 21:43:34",0,0,0,"no",0,0,0,3.01,111,1,0,1,0,1,"big","Nos9GMImcf"
"not_spam",0,1,0,0,"2012-02-17 17:34:09",0,0,0,"no",0,0,0,1.396,14,0,0,0,0,0,"none","ctdWi3yJkZ"
"not_spam",0,1,0,0,"2012-02-18 14:20:41",0,0,0,"no",0,0,0,13.698,198,0,0,0,0,0,"none","1h0oIDvcUY"
"not_spam",0,1,0,0,"2012-02-18 10:03:11",0,0,0,"no",0,0,0,0.814,20,0,0,0,0,0,"none","RzAV2tlaf5"
"not_spam",0,1,0,0,"2012-02-20 03:21:28",0,0,5,"no",0,0,0,3.215,82,1,0,0,0,0,"big","xx2i5Sb5OU"
"not_spam",0,1,0,0,"2012-02-20 17:10:43",0,0,0,"no",0,0,0,14.124,206,0,0,0,0,1,"none","0gSQf5S16k"
"not_spam",0,1,0,0,"2012-02-20 20:44:11",0,0,0,"no",0,0,0,0.702,14,0,0,0,0,0,"none","ULkZLivEcI"
"spam",0,1,0,0,"2012-02-23 06:23:15",0,0,0,"no",0,0,0,4.126,90,1,0,0,0,6,"small","OXHLZ7TbLn"
"not_spam",0,1,0,0,"2012-02-23 15:04:48",0,0,0,"no",0,0,0,13.595,197,0,0,0,0,0,"none","EZc8B3QsaJ"
"not_spam",0,1,0,0,"2012-02-23 15:50:42",0,0,0,"no",0,0,0,1.82,67,1,0,0,0,0,"small","eYuFxuuHJK"
"not_spam",0,1,0,0,"2012-02-23 05:45:48",0,0,3,"no",0,0,0,3.163,59,0,0,0,0,0,"big","KhCjCwXbmN"
"not_spam",0,1,0,0,"2012-02-24 14:37:18",0,0,0,"no",0,0,0,13.46,192,0,0,0,0,0,"none","rUt7zTraVg"
"not_spam",0,1,0,0,"2012-02-27 15:19:52",0,0,5,"no",0,0,0,2.62,69,1,0,0,0,1,"small","vNCEknGcLX"
"not_spam",0,1,4,0,"2012-02-28 02:19:20",0,2,0,"no",0,0,0,0.341,18,0,0,0,0,0,"none","SkhMoF0A2V"
"not_spam",0,1,0,0,"2012-02-28 16:13:22",0,0,0,"no",0,0,0,13.34,191,0,0,0,0,1,"none","f7lHfdnkj3"
"not_spam",0,1,0,0,"2012-02-29 12:02:49",0,0,0,"no",0,0,0,0.721,24,0,0,0,0,0,"small","Cmhu5xya8E"
"spam",0,1,0,0,"2012-03-01 08:02:14",0,0,10,"no",1,0,0,14.65,301,1,0,0,0,14,"small","tEhfjm4Xbr"
"spam",0,1,0,0,"2012-03-01 02:00:01",0,0,0,"no",0,0,2,1.493,35,0,0,0,0,1,"none","WGNnrs6e3v"
"spam",1,1,0,0,"2012-03-01 11:20:26",0,0,0,"no",0,0,0,6.649,146,1,0,0,0,7,"small","qcNcVjzMEA"
"spam",0,1,0,0,"2012-03-01 02:06:44",0,0,0,"no",0,0,2,1.091,25,0,0,0,0,1,"none","XZG0KbJvPi"
"spam",0,1,0,0,"2012-03-01 08:26:02",0,0,0,"no",0,0,0,24.269,619,1,0,0,0,1,"small","LKNToqFmWO"
"spam",0,1,16,1,"2012-03-01 08:31:04",0,0,0,"no",0,0,0,4.446,133,1,1,0,0,2,"small","HRnJmVj81v"
"spam",0,1,0,1,"2012-03-01 10:06:56",0,0,0,"no",0,0,0,0.957,23,1,1,0,0,0,"small","m1O6n1MPfB"
"spam",0,1,1,1,"2012-03-01 10:10:38",0,0,0,"no",0,0,0,2.11,45,1,1,0,0,4,"small","eOGnzz25AN"
"spam",0,1,0,1,"2012-03-01 10:48:18",0,0,14,"no",0,0,0,16.297,284,1,1,0,0,2,"small","OAntRi2nI1"
"spam",0,1,0,1,"2012-03-01 11:03:34",0,0,0,"no",0,0,0,1.594,35,1,1,0,0,2,"small","OrewmeR8u0"
"spam",0,1,0,0,"2012-03-02 05:13:16",0,0,0,"no",0,0,0,1.577,31,1,0,1,0,2,"small","kVzQfS05OD"
"spam",0,1,0,0,"2012-03-02 05:56:50",0,0,0,"no",0,0,0,4.23,57,0,1,0,0,0,"none","m1gKBhQzra"
"spam",0,1,0,0,"2012-03-02 14:34:27",0,0,0,"no",0,0,0,2.173,30,1,0,0,0,1,"small","6P8SAZcO8i"
"spam",1,1,0,1,"2012-03-02 12:17:27",0,0,0,"no",0,0,0,31.405,422,0,0,0,0,0,"small","VkKqzSgutL"
"spam",0,1,0,0,"2012-03-02 13:34:42",0,0,0,"no",0,0,0,25.685,644,1,0,0,0,3,"small","LJdHaWL35d"
"spam",1,1,0,1,"2012-03-03 05:08:44",0,0,0,"no",0,0,0,1.362,24,0,0,0,0,0,"small","fYXX65b8bX"
"spam",1,1,1,1,"2012-03-03 08:31:09",2,2,0,"no",0,0,0,8.092,248,1,0,0,0,17,"small","AalZ7ffQJt"
"spam",0,1,4,1,"2012-03-03 10:18:23",2,2,0,"no",0,0,0,7.218,186,1,1,0,0,8,"small","WRuYQT0uYn"
"not_spam",0,1,0,0,"2012-03-01 17:35:06",0,0,2,"no",0,0,1,7.066,158,1,0,0,0,1,"small","6HyaA0EbNs"
"not_spam",0,1,0,0,"2012-03-02 15:54:52",0,0,0,"no",0,0,0,13.453,195,0,0,0,0,0,"none","XYOgzVzGHF"
"not_spam",0,1,4,0,"2012-03-03 16:54:39",0,2,0,"no",0,0,0,0.537,22,0,0,0,0,3,"small","aX12725apf"
"spam",0,1,0,0,"2012-03-03 14:40:27",0,0,0,"no",0,0,0,0.343,16,0,0,0,0,2,"none","evoTHyI12x"
"spam",0,1,0,0,"2012-03-04 07:10:38",0,0,0,"no",0,0,0,11.297,313,1,0,1,0,0,"small","ntbwZAqO73"
"spam",0,1,0,0,"2012-03-04 13:04:21",0,0,0,"no",0,0,2,1.929,78,1,0,0,0,2,"small","aMXCxv9lPn"
"spam",0,1,0,0,"2012-03-04 13:53:31",0,0,0,"no",0,0,0,4.646,134,1,0,0,0,2,"small","Kjr2nG3Cmn"
"spam",0,1,0,0,"2012-03-04 13:55:19",0,0,23,"no",0,0,0,16.734,570,1,0,0,0,3,"small","dET7Te4QDb"
"spam",0,1,1,1,"2012-03-04 13:21:46",0,0,0,"no",0,0,0,0.811,28,0,1,0,0,4,"small","lWPJXOzVho"
"spam",0,1,0,0,"2012-03-04 13:06:40",0,0,16,"no",0,0,4,18.464,155,1,0,0,0,0,"big","hLUJP4PihU"
"spam",0,1,0,0,"2012-03-04 13:08:00",0,1,0,"no",0,0,0,12.809,273,1,0,0,0,2,"big","uaovmTstf2"
"spam",0,1,0,0,"2012-03-05 05:58:57",0,0,0,"no",0,0,0,10.128,239,1,0,0,0,4,"small","7HlLu9LJpx"
"spam",0,1,0,1,"2012-03-05 05:35:21",0,0,0,"no",0,0,0,0.326,12,0,0,0,0,4,"none","xUPmpmfTpw"
"spam",1,1,0,1,"2012-03-05 06:03:44",2,2,0,"no",0,0,0,17.402,552,1,1,0,0,21,"big","QN7jVaEdrl"
"spam",0,1,0,1,"2012-03-05 07:29:29",0,0,0,"no",0,0,0,0.082,6,0,1,0,0,0,"none","Sgc8q81dRL"
"spam",0,1,0,0,"2012-03-06 01:03:14",0,0,0,"no",0,0,0,6.884,141,1,0,0,0,4,"small","QBNlPURlnx"
"spam",1,1,0,0,"2012-03-06 06:10:00",0,0,0,"no",0,0,0,2.789,44,0,0,0,0,0,"small","SdVXlVLkiv"
"spam",0,1,0,0,"2012-03-06 06:20:24",0,0,0,"no",0,0,0,29.604,707,1,0,0,0,1,"small","txBszTVr4H"
"spam",1,1,0,0,"2012-03-06 06:45:42",0,0,0,"no",0,0,0,1.057,11,0,0,0,0,0,"small","QQMe6NttXd"
"spam",0,1,0,0,"2012-03-06 04:00:03",0,0,0,"no",0,0,0,3.062,85,1,0,0,0,1,"small","2c9VkY76Gi"
"spam",0,1,0,0,"2012-03-06 04:00:03",0,0,0,"no",0,0,0,8.625,184,1,0,0,0,1,"small","BZFzgjZbdN"
"spam",1,1,0,0,"2012-03-06 07:14:33",0,0,0,"no",0,0,0,13.194,180,0,0,0,0,0,"small","qgCVz0PK3G"
"spam",0,1,0,0,"2012-03-06 08:02:33",0,0,1,"no",0,0,0,25.6,641,1,0,0,0,1,"small","SZMvOjIpvZ"
"spam",0,1,0,0,"2012-03-06 08:05:52",0,0,1,"no",0,0,0,25.76,643,1,0,0,0,1,"small","8PYNdevnMn"
"spam",0,1,0,0,"2012-03-06 08:08:47",0,0,1,"no",0,0,0,26.39,655,1,0,0,0,1,"small","UBlppaoRqV"
"spam",1,1,0,0,"2012-03-06 09:03:41",0,0,0,"no",0,0,0,0.409,13,0,0,0,0,1,"small","oMDmR1zoVC"
"spam",1,1,0,0,"2012-03-06 12:50:38",0,0,0,"no",0,0,0,14.779,194,0,0,0,0,0,"big","yCbRQW5cz3"
"spam",0,1,0,0,"2012-03-06 13:19:37",0,0,6,"no",0,0,5,5.404,48,0,0,0,0,1,"small","O8BkVnOPMN"
"spam",0,1,0,0,"2012-03-06 15:47:53",0,0,0,"no",0,0,2,125.275,2199,1,0,0,0,187,"big","Um0K4hMNMX"
"spam",1,1,3,1,"2012-03-06 18:35:42",0,0,0,"no",0,0,0,26.596,748,1,1,0,0,0,"small","VY0IaKSccA"
"spam",0,1,0,0,"2012-03-07 08:02:12",0,0,16,"no",1,0,0,20.878,411,1,0,0,0,22,"small","Z4oEHAz4Vi"
"spam",0,1,0,1,"2012-03-07 05:46:41",0,0,0,"no",0,0,0,0.874,25,1,1,0,0,0,"small","uxla02TwMN"
"spam",0,1,0,0,"2012-03-07 12:38:11",0,0,0,"no",0,0,0,26.208,653,1,0,0,0,2,"small","2R9lxrnwKi"
"spam",0,1,0,0,"2012-03-07 13:07:33",0,0,0,"no",0,0,0,25.257,638,1,0,0,0,2,"small","F2KGvCnTOm"
"spam",0,1,0,0,"2012-03-07 13:07:33",0,0,0,"no",0,0,0,2.957,72,0,1,0,0,0,"small","gfdPYu9oT8"
"spam",0,1,0,1,"2012-03-07 14:31:03",0,0,0,"no",0,0,0,3.449,84,1,1,0,0,8,"small","Byib08OP5r"
"spam",0,1,0,1,"2012-03-07 16:20:51",0,0,0,"no",0,0,0,3.767,69,1,0,0,0,0,"small","ADOFPuSfVC"
"spam",1,1,0,0,"2012-03-07 17:21:10",0,0,0,"no",0,0,0,1.092,18,1,0,0,0,0,"big","zbJIwfeOBv"
"spam",0,1,0,0,"2012-03-08 07:39:46",0,0,0,"no",0,0,0,1.118,13,0,0,0,0,0,"small","UhUgbbemfO"
"spam",0,1,0,1,"2012-03-08 09:41:41",0,0,0,"no",0,0,0,11.728,336,1,1,0,0,20,"small","pfHN58Ft88"
"spam",0,1,0,0,"2012-03-08 12:02:42",0,0,2,"no",0,0,0,3.648,80,1,0,0,0,0,"small","F2uHTSEEYv"
"spam",1,1,0,1,"2012-03-08 19:17:00",0,3,0,"no",0,0,0,0.731,21,1,0,0,0,2,"none","9i7rCUvSsW"
"spam",1,1,3,1,"2012-03-08 19:17:44",0,0,0,"no",0,0,0,33.338,950,1,1,0,0,0,"small","RYgzNCA9b3"
"spam",0,1,0,0,"2012-03-09 05:51:37",0,0,0,"no",0,0,0,39.468,561,1,0,0,0,12,"small","u9efBRabhA"
"spam",0,1,3,1,"2012-03-09 07:04:40",0,0,0,"no",0,0,0,5.263,88,1,1,0,0,2,"big","QigCs3rpFV"
"spam",0,1,0,1,"2012-03-09 04:06:24",0,0,0,"no",0,0,0,0.369,10,1,0,0,0,0,"small","7HD7fHBKRe"
"spam",0,1,0,0,"2012-03-09 08:57:52",0,0,6,"no",0,0,0,10.85,164,1,0,1,0,16,"small","bvGzFBXvE3"
"spam",1,1,0,0,"2012-03-09 08:30:14",0,0,0,"no",0,0,0,3.125,52,0,0,0,0,0,"small","IATCD0lCgY"
"spam",0,1,0,0,"2012-03-09 08:26:30",0,0,0,"no",0,0,0,3.353,78,1,0,0,0,5,"small","qMduIbxGuu"
"spam",0,1,0,0,"2012-03-09 10:37:03",0,0,0,"no",0,0,0,31.847,758,1,0,0,0,1,"small","Xo7eO4SIjE"
"spam",0,1,0,0,"2012-03-09 20:05:18",0,0,0,"no",0,0,13,2.271,62,1,0,0,0,2,"none","6A4FzBy4pX"
"spam",0,1,3,1,"2012-03-09 14:03:36",0,0,0,"no",0,0,0,5.773,168,1,1,0,0,6,"small","1ab9637BXQ"
"spam",0,1,0,0,"2012-03-12 06:06:08",0,0,0,"no",0,0,0,13.504,295,1,0,0,0,2,"small","JAcspFrpB4"
"spam",1,1,0,0,"2012-03-12 06:42:54",0,0,0,"no",0,0,0,1.01,24,0,0,0,0,0,"small","sTVXb7X6vo"
"spam",0,1,0,0,"2012-03-12 07:47:17",0,0,0,"no",0,0,0,24.551,625,1,0,0,0,2,"small","VBhcXEFCWb"
"spam",0,1,0,0,"2012-03-12 08:28:13",0,0,0,"no",0,0,0,26.609,663,1,0,0,0,1,"small","Ycmo3ZRdLC"
"spam",1,1,0,0,"2012-03-12 13:07:03",0,0,0,"no",0,0,0,4.418,89,1,0,0,0,1,"small","Z2oIalTv6V"
"spam",0,1,1,0,"2012-03-12 09:47:53",0,0,0,"no",0,0,0,16.776,329,1,1,0,0,0,"big","OcEJ5Hk7p1"
"spam",0,1,0,0,"2012-03-12 14:08:00",0,0,1,"no",0,0,0,2.083,18,1,0,0,0,0,"small","NMmDAtSC9J"
"spam",0,1,0,0,"2012-03-12 18:41:13",0,0,0,"no",0,0,0,18.503,343,1,0,0,0,4,"small","zJ9oDdwdCK"
"spam",0,1,0,0,"2012-03-12 21:42:59",0,0,0,"no",0,0,0,1.552,17,1,0,0,0,0,"small","1u1NBBaGUX"
"spam",1,1,0,1,"2012-03-12 17:57:51",1,1,0,"no",0,0,0,1.204,28,1,0,0,0,6,"small","c3oNTQoUGG"
"spam",0,1,8,0,"2012-03-12 20:57:50",0,0,4,"no",0,0,0,9.5,250,0,1,0,0,0,"small","YHQ8h3BQ6a"
"spam",0,1,1,0,"2012-03-12 21:09:55",0,0,4,"no",0,0,0,10.634,286,0,1,0,0,0,"small","2sbWT8GWvu"
"spam",0,1,0,0,"2012-03-12 20:43:30",0,0,0,"no",0,0,4,5.276,62,1,0,0,0,0,"small","nEkLfTLMw5"
"spam",0,1,0,1,"2012-03-13 06:06:16",0,0,0,"no",0,0,0,0.238,10,0,0,0,0,2,"none","g3e9OdUUfC"
"spam",0,1,1,0,"2012-03-13 06:47:19",0,0,0,"no",0,0,0,2.794,68,0,1,0,0,1,"small","QPh6oUusFC"
"spam",0,1,0,1,"2012-03-09 10:11:06",0,0,0,"no",0,0,0,5.198,113,1,1,0,0,0,"small","DuDI3QnwBv"
"spam",0,1,0,1,"2012-03-13 04:03:08",0,0,40,"yes",0,0,0,44.952,995,1,1,0,0,18,"small","WQImXTNSCg"
"spam",0,1,0,0,"2012-03-13 12:43:26",0,0,0,"no",0,0,0,1.545,35,1,0,0,0,2,"none","S3oq0EMSPB"
"spam",0,1,0,0,"2012-03-14 06:01:03",0,0,0,"no",0,0,0,12.126,334,1,0,0,0,0,"small","voVoPQGHL3"
"spam",0,1,2,0,"2012-03-14 10:17:13",0,0,0,"no",0,0,0,2.904,69,1,1,0,0,2,"small","DbUzx9D13d"
"spam",1,1,0,1,"2012-03-14 07:25:43",0,0,0,"no",0,0,0,0.53,17,0,0,0,0,1,"none","lV9KT54jqc"
"spam",0,1,0,0,"2012-03-14 10:36:00",0,0,2,"no",0,0,0,8.773,136,1,0,0,0,6,"small","UufRIK6KfI"
"spam",0,1,1,1,"2012-03-14 07:42:31",0,0,0,"no",0,0,0,1.634,45,1,1,0,0,2,"small","swv19nP5Eh"
"spam",0,1,1,1,"2012-03-14 08:07:20",0,0,0,"no",0,0,0,2.973,89,0,1,0,0,1,"small","2foWD4AN7e"
"spam",0,1,0,1,"2012-03-14 14:50:17",0,0,0,"no",0,0,0,0.734,24,0,1,0,0,2,"small","mu7nQ8iW4d"
"spam",0,1,0,0,"2012-03-14 15:33:08",0,0,4,"no",0,0,0,2.246,66,0,0,0,0,2,"small","3jb5c0uFQF"
"spam",0,1,0,1,"2012-03-14 21:07:18",0,0,0,"no",0,0,0,1.008,22,1,0,0,0,0,"none","dfrwO8fjyl"
"spam",0,1,0,1,"2012-03-15 06:48:19",0,0,0,"no",0,0,0,1.448,32,1,1,0,0,2,"small","jvfoswzujC"
"spam",0,1,0,0,"2012-03-15 06:37:04",0,0,0,"no",0,0,0,4.199,86,1,0,0,0,1,"small","dKchw3GAbI"
"spam",1,1,0,0,"2012-03-15 11:46:21",0,0,0,"no",0,0,0,7.182,228,1,0,0,0,5,"small","BBOiATyxPY"
"spam",0,1,0,0,"2012-03-15 12:07:14",0,0,0,"no",0,0,0,0.781,17,0,0,0,0,0,"small","wSVE1aH5wE"
"spam",0,1,0,0,"2012-03-15 14:33:33",0,0,0,"no",0,0,0,2.569,67,0,1,0,0,2,"small","cxzBimk00K"
"spam",0,1,1,0,"2012-03-15 14:20:50",0,0,0,"no",0,0,0,15.469,409,1,0,0,0,5,"small","WtzI80S9Qo"
"spam",0,1,0,0,"2012-03-15 16:10:16",0,0,1,"no",0,0,0,25.594,418,1,0,0,0,34,"small","odwHvtrRJK"
"spam",0,1,0,0,"2012-03-15 16:10:16",0,0,0,"no",0,0,0,13.068,268,1,1,0,0,6,"small","v66nu0sUDK"
"spam",0,1,0,0,"2012-03-15 21:28:26",0,0,0,"no",0,0,0,0.849,17,0,0,0,0,1,"small","WtrYkkeBmE"
"spam",0,1,0,0,"2012-03-15 21:58:22",0,0,0,"no",0,0,0,15.32,272,1,0,0,0,2,"small","5skJEJLo1J"
"spam",0,1,1,0,"2012-03-15 19:04:40",0,0,4,"no",0,0,0,4.779,117,0,1,0,0,2,"small","3LlkCezix9"
"spam",0,1,0,0,"2012-03-16 07:00:50",0,0,24,"no",1,0,0,28.138,525,1,0,0,0,30,"small","2G1D5Fs1x3"
"spam",0,1,0,0,"2012-03-16 06:35:06",0,0,0,"no",0,0,0,2.347,43,1,0,0,0,0,"none","zhA45tWvtL"
"spam",0,1,0,0,"2012-03-16 12:25:56",0,0,0,"no",0,0,0,34.102,1050,1,0,0,0,13,"small","kJO4Qkyk03"
"spam",1,1,0,0,"2012-03-16 08:51:49",0,0,0,"no",0,0,0,10.022,144,0,0,0,0,0,"small","qcQTCHjXzQ"
"spam",0,1,0,1,"2012-03-16 10:31:03",0,0,0,"no",0,0,0,11.668,283,1,1,0,0,8,"small","OvJlfrViCC"
"spam",0,1,0,0,"2012-03-16 11:33:21",0,0,0,"no",0,0,0,27.745,683,1,0,0,0,1,"small","co39rZ4c3W"
"spam",0,1,0,1,"2012-03-16 09:07:22",0,0,0,"no",0,0,0,1.222,49,0,1,0,0,2,"small","F4r7YuKs8T"
"spam",0,1,0,1,"2012-03-16 12:49:14",0,0,0,"no",0,0,0,5.996,116,1,1,0,0,2,"small","2tF1m8PsKv"
"spam",0,1,0,0,"2012-03-16 18:08:53",0,0,0,"no",0,0,0,0.812,17,0,0,0,0,0,"small","6wpgjCPmmw"
"spam",0,1,0,0,"2012-03-16 18:08:53",0,0,0,"no",0,0,0,1.506,30,1,0,0,0,0,"small","6SPEYOqnoP"
"spam",0,1,0,0,"2012-03-16 18:08:53",0,0,4,"no",0,0,0,38.044,690,1,0,0,0,1,"small","cIYGdhQxFo"
"spam",0,1,0,0,"2012-03-17 00:59:32",0,0,0,"no",0,0,0,0.991,28,0,0,0,0,1,"small","15cBoZ7XfP"
"spam",0,1,0,1,"2012-03-17 06:37:08",0,0,0,"no",0,0,0,13.838,352,1,1,0,0,14,"small","0nhB7MTczF"
"spam",0,1,0,1,"2012-03-17 07:20:04",0,0,0,"no",0,0,0,16.067,419,1,1,0,0,16,"small","XsgmpgLoTm"
"spam",0,1,0,1,"2012-03-17 07:41:28",0,2,0,"no",0,0,0,0.007,3,0,0,0,0,0,"none","apK3C6or4D"
"spam",0,1,0,1,"2012-03-17 07:55:42",0,0,0,"no",0,0,0,1.333,31,1,0,0,0,2,"none","qPDfYY98Wf"
"spam",0,1,0,0,"2012-03-17 14:55:19",0,0,0,"no",0,0,0,0.804,17,0,0,0,0,0,"small","yeWwwbitBE"
"spam",0,1,0,0,"2012-03-17 15:03:17",0,0,4,"yes",0,0,0,9.313,159,1,0,1,0,20,"small","jyLiNMC4Dy"
"spam",0,1,0,0,"2012-03-17 19:34:54",0,0,0,"no",0,0,0,24.984,632,1,0,0,0,1,"small","F79YhXBk1C"
"spam",0,1,0,0,"2012-03-18 12:02:34",0,0,0,"no",0,0,0,0.773,17,0,0,0,0,0,"small","C3vZJXKGUY"
"spam",0,1,7,0,"2012-03-18 06:37:08",0,0,0,"no",0,0,0,11.431,230,1,0,0,0,3,"small","ngVnIRGhHM"
"spam",0,1,0,0,"2012-03-18 19:28:02",0,0,0,"no",0,0,0,0.899,27,0,0,0,0,1,"none","Y73vj7xPGK"
"spam",0,1,0,1,"2012-03-18 20:07:11",0,0,0,"no",0,0,0,2.346,57,1,1,0,0,2,"small","uoJgsfMvlw"
"spam",0,1,0,0,"2012-03-19 06:28:00",0,0,0,"no",0,0,0,0.723,16,0,0,0,0,0,"small","58wHcyQyWU"
"spam",0,1,0,0,"2012-03-19 00:34:15",0,0,0,"no",0,0,0,13.737,279,1,0,0,0,4,"small","LkF8657oQ3"
"spam",0,1,0,1,"2012-03-19 12:04:07",0,0,0,"no",0,0,0,0.428,13,1,0,0,0,0,"none","na7Wd3T8iu"
"spam",0,1,0,1,"2012-03-19 12:29:46",0,0,0,"no",0,0,0,22.578,359,0,1,0,0,7,"small","Vd63SgrGsg"
"spam",0,1,0,0,"2012-03-19 19:40:43",0,0,0,"no",0,0,0,16.773,310,1,0,0,0,2,"small","9fxaejsulW"
"spam",0,1,1,0,"2012-03-19 17:35:46",0,0,0,"no",0,0,0,4.172,165,0,1,0,0,1,"small","uebbzmWTgV"
"spam",0,1,0,0,"2012-03-20 01:09:48",0,0,0,"no",0,0,0,0.793,17,0,0,0,0,0,"small","u34AfddFDk"
"spam",0,1,0,0,"2012-03-20 00:13:14",0,0,0,"no",0,0,0,14.922,327,1,0,0,0,0,"small","r5ugpQ7nH4"
"spam",0,1,0,0,"2012-03-20 13:44:29",0,0,0,"no",0,0,0,0.831,17,0,0,0,0,0,"small","VqgNQlrJdY"
"spam",0,1,0,1,"2012-03-20 11:48:13",0,0,0,"no",0,0,0,1.967,59,1,1,0,0,2,"small","6GUGZv9VAf"
"spam",0,1,0,1,"2012-03-21 05:44:07",0,0,2,"no",0,0,0,1.386,28,1,1,0,0,4,"small","z4Uq3zlZWe"
"spam",0,1,0,0,"2012-03-20 17:01:57",0,0,5,"no",0,0,0,21.68,519,1,0,0,0,8,"small","m5H3V28h1v"
"spam",0,1,0,1,"2012-03-20 18:31:18",0,0,0,"no",0,0,0,0.401,11,0,1,0,0,0,"small","6UfVLzFMcf"
"spam",0,1,0,0,"2012-03-20 23:10:54",0,0,0,"no",0,0,0,0.878,17,0,0,0,0,0,"small","h2eUtVwsZz"
"spam",0,1,1,1,"2012-03-20 19:33:57",0,0,0,"no",0,0,0,3.013,61,1,0,0,0,0,"small","wYhTYAXYG6"
"spam",0,1,0,0,"2012-03-20 17:36:05",0,0,0,"no",0,0,0,8.13,138,1,0,0,0,1,"small","RgLSz5UCXB"
"spam",0,1,0,0,"2012-03-20 19:17:04",0,0,0,"no",0,0,0,4.16,75,1,0,0,0,3,"small","C1ngtn9q1w"
"spam",0,1,0,1,"2012-03-20 21:26:07",0,0,0,"no",0,0,0,1.376,34,1,0,1,0,0,"small","SrvEdYBS8j"
"spam",0,1,0,0,"2012-03-21 10:02:52",0,0,22,"no",1,0,0,28.037,527,1,0,0,0,30,"small","qTSZuWMoAV"
"spam",0,1,0,0,"2012-03-21 06:54:57",0,0,0,"no",0,0,0,4.29,82,1,0,0,0,0,"big","OAXknzYsCY"
"spam",0,1,0,0,"2012-03-21 06:31:22",0,0,0,"no",0,0,0,34.81,602,1,0,0,0,1,"small","AJFXlb29Vv"
"spam",0,1,0,1,"2012-03-21 06:18:46",0,0,0,"no",0,0,0,5.476,126,1,1,1,0,4,"small","12hrJA8Zck"
"spam",0,1,0,0,"2012-03-21 09:27:11",0,0,0,"no",0,0,0,3.715,68,1,0,0,0,0,"none","iQq7JwxYyR"
"spam",0,1,0,1,"2012-03-21 06:35:13",0,0,0,"no",0,0,0,7.332,175,1,1,1,0,4,"small","7ywT0TVh1C"
"spam",1,1,0,0,"2012-03-21 09:17:18",0,0,0,"no",0,0,0,9.242,134,0,0,0,0,0,"small","EoeAdD10mO"
"spam",0,1,0,0,"2012-03-21 14:35:20",0,0,0,"no",0,0,0,0.828,17,0,0,0,0,0,"small","ZHm2pPkVGy"
"spam",0,1,8,0,"2012-03-21 15:27:38",0,0,0,"no",0,0,0,4.806,101,0,1,0,0,0,"small","DjVzLRAxQF"
"spam",0,1,1,1,"2012-03-21 08:39:21",0,0,0,"no",0,0,0,14.156,300,1,1,0,0,0,"small","GEcfy72vGa"
"spam",1,1,0,0,"2012-03-21 11:49:31",0,1,0,"no",0,0,0,8.29,143,0,0,0,0,1,"small","OZQiNQOPNs"
"spam",0,1,0,0,"2012-03-21 11:49:31",0,0,0,"no",0,0,0,2.034,43,1,0,0,0,0,"none","fnZG8cG1Cm"
"spam",0,1,0,1,"2012-03-21 16:59:00",0,0,10,"no",0,0,0,12.102,234,1,1,0,0,12,"small","zSkcAhXbNX"
"spam",0,1,0,0,"2012-03-19 12:34:14",0,0,0,"no",0,0,0,1.656,30,1,0,0,0,0,"none","Iq5yvBkhQG"
"spam",0,1,0,1,"2012-03-20 07:44:42",0,0,6,"yes",0,0,0,6.461,132,1,1,0,0,2,"small","EnBnAxpRcl"
"spam",1,1,0,0,"2012-03-20 13:17:21",0,0,0,"no",0,0,0,1.183,26,0,0,0,0,0,"small","wrc1eOfX5j"
"spam",1,1,0,1,"2012-03-20 13:53:46",0,0,0,"no",0,0,0,1.517,31,0,1,0,0,0,"small","NKKgeav5mG"
"spam",0,1,2,1,"2012-03-20 20:47:05",0,0,0,"no",0,0,0,3.652,87,1,1,0,0,2,"small","eDG5eXJLE4"
"spam",0,1,1,1,"2012-03-22 08:46:42",0,0,0,"no",0,0,0,11.222,345,0,1,0,0,2,"small","dc9E26BhyD"
"spam",0,1,0,1,"2012-03-22 04:37:24",0,0,0,"no",0,0,0,5.206,141,1,1,0,0,2,"small","FVgXxBkqps"
"spam",0,1,0,0,"2012-03-22 10:34:09",0,0,0,"no",0,0,0,0.792,17,0,0,0,0,0,"small","pwBt5RH7sY"
"spam",0,1,1,0,"2012-03-22 06:58:34",0,0,0,"no",0,0,0,4.688,120,1,1,0,0,2,"big","AZ4KJ7DdEK"
"spam",0,1,0,0,"2012-03-22 07:28:32",0,0,4,"no",0,0,0,30.147,649,1,0,0,0,4,"big","MZvsZBQCEl"
"spam",0,1,0,0,"2012-03-22 12:30:07",0,0,0,"no",0,0,0,3.764,84,1,0,0,0,0,"small","ytLq3AA6zw"
"spam",0,1,0,0,"2012-03-22 09:09:03",0,0,0,"no",0,0,4,10.703,172,1,0,0,0,3,"big","p1Rgttq97v"
"spam",0,1,0,0,"2012-03-22 14:42:14",0,0,0,"no",0,0,0,2.838,86,0,0,0,0,0,"none","qIKT1BNV2H"
"spam",0,1,0,1,"2012-03-22 18:04:36",0,0,0,"no",0,0,0,6.226,130,1,1,0,0,10,"small","6R2BksO9ko"
"spam",0,1,0,0,"2012-03-23 04:07:28",0,0,0,"no",0,0,0,0.777,29,0,0,0,0,0,"small","ZMI4W6K2NH"
"spam",0,1,5,0,"2012-03-23 05:16:37",0,0,0,"no",0,0,0,5.032,88,1,0,0,0,6,"big","7qeMwE4rZj"
"spam",0,1,0,0,"2012-03-23 10:06:55",0,0,28,"no",1,0,0,28.713,536,1,0,0,0,32,"small","GETfBZTJp9"
"spam",0,1,0,0,"2012-03-23 06:26:13",0,0,3,"no",0,0,0,37.347,512,1,0,0,0,19,"small","pwpgD24oK2"
"spam",0,1,0,0,"2012-03-23 06:20:52",0,0,0,"yes",0,0,0,26.344,656,1,0,0,0,1,"small","0EQT3Wpwsb"
"spam",1,1,0,0,"2012-03-23 10:41:06",0,0,0,"no",0,0,0,1.406,25,0,0,1,0,3,"none","8OFwIQDX6p"
"spam",1,1,0,0,"2012-03-23 10:42:28",0,0,0,"no",0,0,0,9.928,219,1,0,0,0,4,"small","HuvQZj1BSP"
"spam",0,1,0,1,"2012-03-23 13:41:34",0,0,0,"no",0,0,0,0.033,4,0,1,0,0,0,"none","eUnR5GS4l6"
"spam",0,1,0,0,"2012-03-23 13:45:25",0,0,0,"no",0,0,0,9.572,267,1,0,0,0,3,"small","Lxc7yHvAif"
"spam",0,1,0,0,"2012-03-23 14:49:23",0,0,0,"no",0,0,0,1.507,36,1,0,0,0,2,"none","vWhnGpYXb8"
"spam",0,1,0,0,"2012-03-23 20:22:36",0,0,0,"no",0,0,0,3.371,76,1,0,0,0,2,"small","WOtbbtNK1D"
"spam",0,1,0,1,"2012-03-23 14:38:05",0,0,0,"no",0,0,0,6.524,139,1,1,0,0,0,"small","4uPpJLHaNr"
"spam",0,1,0,1,"2012-03-23 14:40:15",0,0,0,"no",0,0,0,7.413,161,1,1,0,0,0,"small","LEZTtf6jCD"
"spam",0,1,0,0,"2012-03-24 07:19:05",0,0,0,"no",0,0,0,0.77,16,0,0,0,0,1,"small","W9EOarWnDr"
"spam",0,1,0,0,"2012-03-24 01:07:24",0,0,0,"no",0,0,0,10.623,176,1,0,0,0,1,"small","nzrn3RHR60"
"spam",0,1,0,0,"2012-03-24 03:34:17",0,0,0,"no",0,0,0,12.376,198,1,0,0,0,1,"small","NCwsHZDwjO"
"spam",0,1,0,1,"2012-03-24 08:00:57",0,0,0,"no",0,0,0,0.086,5,0,0,1,0,0,"none","ayQXjnU57i"
"spam",0,1,0,0,"2012-03-24 15:15:35",0,0,0,"no",0,0,0,0.806,17,0,0,0,0,0,"small","P3bLZB0uji"
"spam",0,1,0,1,"2012-03-24 08:42:18",0,0,0,"no",0,0,0,1.379,51,0,1,0,0,3,"small","3q0jckr8dk"
"spam",0,1,0,0,"2012-03-24 20:11:41",0,0,0,"no",0,0,0,0.75,17,0,0,0,0,1,"small","vjgrzSnd8Y"
"spam",0,1,0,0,"2012-03-25 07:01:09",0,0,12,"yes",1,0,0,15.712,315,1,0,0,0,14,"small","nkuW3NG5dQ"
"spam",0,1,0,0,"2012-03-25 10:55:51",0,0,2,"no",0,0,0,20.609,269,1,0,1,0,24,"small","5K6DRaXd8z"
"spam",0,1,0,0,"2012-03-25 12:03:25",0,0,0,"no",0,0,0,0.561,18,1,0,0,0,0,"none","AwLpwKEKMa"
"spam",0,1,0,0,"2012-03-25 12:11:19",0,0,0,"no",0,0,0,6.115,133,1,0,0,0,0,"big","PgrrH2pHrV"
"spam",1,1,1,1,"2012-03-25 15:11:29",0,0,12,"no",0,0,0,7.955,268,1,0,0,0,1,"big","wzAmvkOU8J"
"spam",1,1,0,0,"2012-03-26 06:48:29",1,1,0,"no",0,0,0,31.584,416,0,0,0,0,3,"big","K9WYQclrTL"
"spam",0,1,0,1,"2012-03-26 10:50:34",0,0,2,"no",0,0,0,19.082,457,1,1,0,0,40,"small","GOX2HHwdOw"
"spam",0,1,0,1,"2012-03-26 08:58:25",0,2,12,"no",0,0,0,12.42,233,1,1,0,0,0,"small","NDtVCNoKfk"
"spam",1,1,0,0,"2012-03-26 12:34:03",0,0,0,"no",0,0,1,27.01,360,0,0,0,0,0,"small","bd2Yz5tNzY"
"spam",0,1,0,1,"2012-03-26 13:45:47",0,0,0,"no",0,0,0,2.351,64,1,1,0,0,4,"small","i8C3ebj9Tj"
"spam",0,1,0,0,"2012-03-26 14:42:16",0,0,0,"no",0,0,0,9.799,192,1,0,0,0,1,"small","UjgaY3v9a6"
"spam",0,1,0,0,"2012-03-27 13:04:56",0,0,10,"no",0,0,0,74.753,1953,1,0,0,0,27,"small","usyPGKhFNg"
"spam",1,1,0,0,"2012-03-27 09:05:47",0,0,0,"no",0,0,0,4.834,103,1,0,0,0,1,"small","Hn8UQCqxSm"
"spam",0,1,0,0,"2012-03-27 09:15:34",0,0,16,"no",1,0,0,24.817,472,1,0,0,0,26,"small","mYst9kFmjg"
"spam",0,1,0,0,"2012-03-27 10:36:03",0,0,0,"no",0,0,0,1.046,17,0,0,0,0,0,"small","ssVUdZkNun"
"spam",1,1,0,0,"2012-03-27 06:51:30",1,1,0,"no",0,0,0,7.073,112,0,0,0,0,0,"small","eQCYaU2fKv"
"spam",1,1,0,1,"2012-03-27 07:35:11",0,0,0,"no",0,0,0,1.459,33,0,0,0,0,0,"small","ZVr1Z5T5la"
"spam",0,1,0,0,"2012-03-27 07:00:04",0,0,0,"no",0,0,0,6.922,172,1,0,0,0,0,"small","ixbVH7uoRj"
"spam",0,1,0,0,"2012-03-27 13:41:25",0,0,25,"no",0,0,0,16.863,570,1,0,0,0,3,"small","hSnGm2l6Mr"
"spam",0,1,0,1,"2012-03-27 06:44:09",0,0,0,"no",0,0,0,1.987,72,0,1,0,0,4,"small","KyVOk6M4PO"
"spam",0,1,0,0,"2012-03-27 10:30:38",0,0,2,"no",0,0,0,8.476,148,1,0,1,0,14,"small","hAPi07mNtB"
"spam",0,1,0,0,"2012-03-27 11:15:09",0,0,0,"no",0,0,0,28.214,652,1,0,0,0,54,"small","zfzwzMKTuM"
"spam",0,1,0,0,"2012-03-27 15:34:57",0,0,4,"no",0,0,0,5.969,120,1,0,0,0,0,"big","K6cqOKsPg0"
"spam",0,1,0,0,"2012-03-27 11:39:34",0,0,0,"no",0,0,0,29.26,710,1,0,0,0,2,"small","cHqfDZfmmJ"
"spam",0,1,0,0,"2012-03-27 11:58:06",0,0,0,"no",0,0,0,30.411,732,1,0,0,0,3,"small","6m71k8t5Mh"
"spam",1,1,0,0,"2012-03-27 14:11:34",0,0,0,"no",0,0,0,4.614,51,0,0,0,0,0,"small","eCAuWmcyku"
"spam",0,1,0,0,"2012-03-27 15:33:13",0,0,0,"no",0,0,0,9.66,187,1,0,0,0,5,"small","e0dbnp5CZL"
"spam",0,1,0,0,"2012-03-27 21:45:09",0,0,7,"no",0,0,0,8.864,299,1,0,0,0,2,"small","1ezYMBSaO0"
"spam",0,1,0,1,"2012-03-27 18:43:12",0,0,0,"no",0,0,0,3.513,113,0,1,0,0,5,"small","W8khZNlT7z"
"spam",0,1,0,0,"2012-03-28 06:49:21",0,0,0,"no",0,0,0,0.806,16,0,0,0,0,1,"small","3c3VIMWnqD"
"spam",0,1,0,0,"2012-03-28 07:07:15",0,0,10,"no",1,0,0,13.214,287,1,0,0,0,8,"small","VWwEToYudD"
"spam",0,1,0,0,"2012-03-28 07:43:14",0,0,0,"no",0,0,0,0.675,16,0,0,0,0,0,"small","zZtTEEqysC"
"spam",0,1,0,0,"2012-03-28 04:42:23",0,0,0,"no",0,0,0,2.99,68,1,0,0,0,5,"small","d0cPDx58yD"
"spam",0,1,1,0,"2012-03-28 06:26:33",0,0,0,"no",0,0,0,3.186,61,1,1,0,0,1,"small","vun0wyRg5V"
"spam",1,1,1,0,"2012-03-28 04:36:12",0,0,0,"no",0,0,0,4.874,146,1,1,0,0,1,"small","r82oMBNAJU"
"spam",0,1,0,0,"2012-03-28 07:46:42",0,0,0,"no",0,0,0,0.25,10,0,0,0,0,0,"small","4nXlqyNS6G"
"spam",0,1,0,0,"2012-03-28 21:21:14",0,0,0,"no",0,0,0,13.411,180,1,0,0,0,13,"small","dKMzXehH2i"
"spam",0,1,1,0,"2012-03-28 15:37:47",0,0,0,"no",0,0,0,14.693,190,1,0,0,0,2,"small","LcsGDVu2of"
"spam",0,1,0,1,"2012-03-28 20:51:10",0,0,0,"no",0,0,0,4.192,90,1,1,0,0,0,"small","4qRuvJesPw"
"spam",0,1,0,0,"2012-03-29 03:04:05",0,0,2,"no",0,0,4,30.511,496,1,0,0,0,9,"big","qalRbkP2N0"
"spam",0,1,2,0,"2012-03-29 10:32:41",0,0,0,"no",0,0,0,0.362,13,0,0,0,0,0,"small","2FBzJD1XRE"
"spam",0,1,0,0,"2012-03-29 05:51:42",0,0,0,"no",0,0,0,35.776,827,1,0,0,0,4,"small","PKibvVGbqg"
"spam",0,1,3,1,"2012-03-29 05:57:34",0,0,0,"no",0,0,0,1.679,58,0,1,0,0,1,"small","O7KlT6GZh7"
"spam",0,1,0,1,"2012-03-29 05:26:16",0,0,0,"no",0,0,0,0.622,17,0,1,0,0,2,"small","JfbohF1ezw"
"spam",0,1,0,0,"2012-03-29 11:31:55",0,0,1,"no",0,0,0,54.849,1124,1,0,0,0,55,"small","Imfl4OtVfN"
"spam",1,1,0,0,"2012-03-29 08:10:32",0,0,0,"no",0,0,0,3.557,52,0,0,0,0,0,"small","t4nrEZzqnz"
"spam",0,1,0,0,"2012-03-29 08:10:32",0,0,26,"no",0,0,0,37.622,563,1,0,0,0,7,"small","fgzJ4hoALo"
"spam",0,1,0,0,"2012-03-29 15:17:11",0,0,0,"no",0,0,0,38.862,646,1,0,0,0,30,"small","neiMw0jh1r"
"spam",0,1,0,0,"2012-03-29 15:23:22",0,0,8,"no",0,0,0,13.346,206,1,0,1,0,14,"small","RKkmYm9yw5"
"spam",0,1,4,0,"2012-03-29 16:08:01",0,1,0,"no",0,0,0,14.644,345,1,0,0,0,5,"small","aifBf9RQ64"
"spam",0,1,0,1,"2012-03-29 14:29:50",0,0,22,"no",0,0,0,4.494,84,1,1,0,0,0,"small","0bCyj5fAfn"
"spam",0,1,0,0,"2012-03-29 17:40:14",0,0,0,"no",0,0,0,30.389,732,1,0,0,0,2,"small","GwYjk0oaVB"
"spam",0,1,0,1,"2012-03-07 17:31:00",0,0,0,"no",0,0,0,0.66,17,1,0,0,0,0,"none","bToyyjQJhy"
"spam",0,1,0,1,"2012-03-07 17:35:57",0,0,0,"no",0,0,0,2.001,48,1,1,0,0,0,"small","6CUhUt874b"
"spam",1,1,4,0,"2012-03-25 17:40:21",3,3,0,"no",0,0,0,8.149,249,1,0,1,0,16,"small","JKrTyS3Id9"
"spam",0,1,0,0,"2012-03-29 05:28:29",0,0,0,"no",0,0,0,2.424,44,1,0,0,0,2,"none","7iTyuuuV9x"
"spam",0,1,0,0,"2012-03-29 23:08:32",0,0,0,"no",0,0,0,0.626,16,0,0,0,0,0,"small","OUGswngN2a"
"spam",0,1,0,0,"2012-03-29 23:15:37",0,0,0,"no",0,0,0,0.772,16,0,0,0,0,2,"small","JWOaeXmK3L"
"spam",0,1,0,0,"2012-03-30 05:11:51",0,0,0,"no",0,0,0,3.991,83,1,0,0,0,0,"small","gTHvQEt1q7"
"spam",0,1,0,0,"2012-03-30 04:04:45",0,0,0,"no",0,0,0,1.268,32,0,0,0,0,0,"none","tcD2AJd37X"
"spam",1,1,0,0,"2012-03-30 04:52:04",0,0,0,"no",0,0,0,36.105,459,0,0,0,0,0,"small","wxKV0bVCmz"
"spam",0,1,0,0,"2012-03-30 11:38:09",0,0,2,"no",0,0,0,16.372,221,1,0,0,0,12,"small","AO3QvTpbjy"
"spam",0,1,1,0,"2012-03-30 11:28:31",0,0,0,"no",0,0,0,4.844,80,1,0,0,0,2,"small","4fO3aJcanc"
"spam",0,1,0,0,"2012-03-30 13:38:56",0,0,48,"no",0,0,0,151.395,2998,1,0,0,0,1,"small","bfTh9MFNhZ"
"spam",0,1,1,0,"2012-03-30 14:40:59",0,0,0,"no",0,0,0,8.129,92,1,0,0,0,0,"small","lb7cepVabh"
"spam",0,1,0,0,"2012-03-31 00:12:40",0,0,0,"no",0,0,0,4.563,91,1,0,0,0,4,"small","HU2rgsJUxw"
"spam",0,1,0,0,"2012-03-31 01:45:36",0,0,11,"no",0,0,0,15.126,343,1,0,1,0,2,"small","79SxJLaiuw"
"spam",0,1,0,1,"2012-03-31 06:58:56",0,0,0,"no",0,0,0,5.229,88,1,1,0,0,2,"small","yxWYdjBRBm"
"spam",0,1,0,0,"2012-03-31 12:53:44",0,0,0,"no",0,0,0,24.949,631,1,0,0,0,1,"small","ly61TH5HSx"
"spam",0,1,0,0,"2012-03-31 19:07:39",0,0,0,"no",0,0,0,20.527,424,1,0,0,0,15,"big","lANshdZXHl"
"spam",0,1,0,0,"2012-03-31 19:07:39",0,0,6,"no",0,0,0,2.277,30,0,0,0,0,0,"big","Wf0IJPmhtO"
"spam",0,1,0,1,"2012-03-31 19:05:29",0,0,0,"no",0,0,0,0.896,12,1,1,0,0,2,"small","LoIpsnoi5f"
"spam",0,1,0,1,"2012-03-31 17:21:23",0,0,0,"no",0,0,0,1.001,31,0,1,0,0,1,"small","XUU6TILrIF"
"not_spam",0,1,0,0,"2012-03-04 15:11:21",0,0,0,"no",0,0,0,13.14,188,0,0,0,0,0,"none","UcnfxKyKNR"
"not_spam",0,1,0,0,"2012-03-07 15:43:56",0,0,0,"no",0,0,0,14.084,206,0,0,0,0,1,"none","KqZg2HbeyA"
"not_spam",0,1,0,0,"2012-03-07 21:23:28",0,0,2,"no",0,0,0,1.982,60,0,0,0,0,0,"none","gU7GCh2kIc"
"not_spam",0,1,0,0,"2012-03-08 08:07:58",0,0,0,"no",0,0,0,0.323,6,0,0,1,0,0,"small","TUXKMHmQs7"
"not_spam",0,1,0,0,"2012-03-08 12:01:58",0,0,0,"no",0,0,0,7.387,158,1,0,0,0,9,"small","xk0TK1TfRG"
"not_spam",0,1,0,0,"2012-03-09 07:21:33",0,1,0,"no",0,0,0,6.34,274,1,0,1,0,3,"big","PlCjBmDiGx"
"not_spam",0,1,0,0,"2012-03-09 16:59:50",0,0,0,"no",0,0,0,0.15,10,0,0,0,0,0,"none","OcGuNWOAPW"
"not_spam",0,1,0,0,"2012-03-10 15:14:04",0,0,0,"no",0,0,0,14.019,205,0,0,0,0,1,"none","usP1cOWhCs"
"not_spam",0,1,0,0,"2012-03-21 05:56:44",0,0,0,"no",0,0,0,2.54,80,1,0,0,0,1,"small","0Q0SWqaWhF"
"not_spam",0,1,0,0,"2012-03-12 17:29:35",0,0,0,"no",1,0,0,4.358,65,1,0,0,0,0,"big","EXQLwc2Hop"
"not_spam",0,1,0,0,"2012-03-14 07:42:45",0,0,0,"no",1,0,0,0.232,3,1,0,0,0,0,"none","IUYVpF0GPI"
"not_spam",0,1,0,0,"2012-03-26 23:57:21",0,0,0,"no",0,0,0,0.775,15,1,0,0,0,1,"small","fkmm4edOY3"
"not_spam",0,1,0,0,"2012-03-17 03:13:27",0,0,0,"yes",0,0,0,0.757,36,0,0,0,0,1,"small","jDo0JUEUSD"
"not_spam",0,1,0,0,"2012-03-20 20:19:22",0,0,0,"no",0,0,0,0.71,11,0,0,0,0,0,"small","Qm0BIXPtwE"
"not_spam",0,1,0,0,"2012-03-22 09:01:15",0,1,0,"no",0,0,0,0.052,2,0,0,0,0,0,"none","uDuO3FE4Z0"
"not_spam",0,1,0,0,"2012-03-23 12:28:00",0,0,1,"no",0,0,0,0.242,6,0,0,0,0,0,"big","5MVccqmMpD"
"not_spam",0,1,0,0,"2012-03-25 05:43:29",0,2,0,"no",0,0,0,0.537,22,0,0,0,0,3,"small","n2i4Rce1Sc"
"not_spam",0,1,0,0,"2012-03-26 12:23:41",0,0,3,"no",1,0,0,10.585,142,1,0,0,1,9,"small","MVyCDCQNhV"
"not_spam",0,1,0,0,"2012-03-26 10:07:41",0,0,0,"no",0,0,0,0.031,3,0,0,0,0,0,"small","adEJII7oXr"
"not_spam",0,1,0,0,"2012-03-26 19:28:53",0,0,0,"no",0,0,0,0.11,7,1,0,0,0,0,"none","TS5qPqriXj"
"not_spam",0,1,0,0,"2012-03-28 03:10:54",0,0,0,"no",0,0,0,0.65,22,0,0,0,0,0,"small","hPCAuYoYzS"
"not_spam",0,1,0,0,"2012-03-28 06:47:53",0,0,4,"no",0,0,0,19.263,472,1,0,1,0,10,"small","Bxz3aJZukR"
"not_spam",0,1,0,0,"2012-03-29 16:43:00",0,0,0,"no",0,0,0,0.015,3,1,0,0,0,0,"none","P7JVU9ztcI"
"not_spam",0,1,0,0,"2012-03-29 21:34:32",0,0,0,"no",0,0,0,1.055,27,1,0,0,0,1,"small","9nCplwnYNl"
"spam",0,1,0,0,"2012-03-30 15:42:12",0,0,0,"no",0,0,0,14.584,233,0,0,0,0,1,"small","pNxhHlgCsI"
"spam",1,1,0,0,"2012-03-28 09:00:49",0,0,0,"no",0,0,0,10.185,132,0,0,0,0,0,"small","1hY2ryht50"
